comments_num,info,movie_id,name,poster_url,quote,ranking,rating
2083742,导演: 弗兰克·德拉邦特 Frank Darabont 主演: 蒂姆·罗宾斯 Tim Robbins /...1994 / 美国 / 犯罪 剧情,1292052,肖申克的救赎,https://img9.doubanio.com/view/photo/s_ratio_poster/public/p480747492.jpg,希望让人自由。,1,9.7
1545219,导演: 陈凯歌 Kaige Chen 主演: 张国荣 Leslie Cheung / 张丰毅 Fengyi Zha...1993 / 中国大陆 中国香港 / 剧情 爱情 同性,1291546,霸王别姬,https://img9.doubanio.com/view/photo/s_ratio_poster/public/p2561716440.jpg,风华绝代。,2,9.6
1573701,导演: 罗伯特·泽米吉斯 Robert Zemeckis 主演: 汤姆·汉克斯 Tom Hanks / ...1994 / 美国 / 剧情 爱情,1292720,阿甘正传,https://img9.doubanio.com/view/photo/s_ratio_poster/public/p2372307693.jpg,一部美国近现代史。,3,9.5
1764271,导演: 吕克·贝松 Luc Besson 主演: 让·雷诺 Jean Reno / 娜塔莉·波特曼 ...1994 / 法国 美国 / 剧情 动作 犯罪,1295644,这个杀手不太冷,https://img9.doubanio.com/view/photo/s_ratio_poster/public/p511118051.jpg,怪蜀黍和小萝莉不得不说的故事。,4,9.4
985676,导演: 罗伯托·贝尼尼 Roberto Benigni 主演: 罗伯托·贝尼尼 Roberto Beni...1997 / 意大利 / 剧情 喜剧 爱情 战争,1292063,美丽人生,https://img9.doubanio.com/view/photo/s_ratio_poster/public/p2578474613.jpg,最美的谎言。,5,9.5
1527066,导演: 詹姆斯·卡梅隆 James Cameron 主演: 莱昂纳多·迪卡普里奥 Leonardo...1997 / 美国 / 剧情 爱情 灾难,1292722,泰坦尼克号,https://img9.doubanio.com/view/photo/s_ratio_poster/public/p457760035.jpg,失去的才是永恒的。 ,6,9.4
1636384,导演: 宫崎骏 Hayao Miyazaki 主演: 柊瑠美 Rumi Hîragi / 入野自由 Miy...2001 / 日本 / 剧情 动画 奇幻,1291561,千与千寻,https://img9.doubanio.com/view/photo/s_ratio_poster/public/p2557573348.jpg,最好的宫崎骏，最好的久石让。 ,7,9.4
801652,导演: 史蒂文·斯皮尔伯格 Steven Spielberg 主演: 连姆·尼森 Liam Neeson...1993 / 美国 / 剧情 历史 战争,1295124,辛德勒的名单,https://img9.doubanio.com/view/photo/s_ratio_poster/public/p492406163.jpg,拯救一个人，就是拯救整个世界。,8,9.5
1502672,导演: 克里斯托弗·诺兰 Christopher Nolan 主演: 莱昂纳多·迪卡普里奥 Le...2010 / 美国 英国 / 剧情 科幻 悬疑 冒险,3541415,盗梦空间,https://img9.doubanio.com/view/photo/s_ratio_poster/public/p513344864.jpg,诺兰给了我们一场无法盗取的梦。,9,9.3
1045847,导演: 莱塞·霍尔斯道姆 Lasse Hallström 主演: 理查·基尔 Richard Ger...2009 / 美国 英国 / 剧情,3011091,忠犬八公的故事,https://img9.doubanio.com/view/photo/s_ratio_poster/public/p524964039.jpg,永远都不能忘记你所爱的人。,10,9.4
1253319,导演: 朱塞佩·托纳多雷 Giuseppe Tornatore 主演: 蒂姆·罗斯 Tim Roth / ...1998 / 意大利 / 剧情 音乐,1292001,海上钢琴师,https://img9.doubanio.com/view/photo/s_ratio_poster/public/p2574551676.jpg,每个人都要走一条自己坚定了的路，就算是粉身碎骨。 ,11,9.3
1125962,导演: 彼得·威尔 Peter Weir 主演: 金·凯瑞 Jim Carrey / 劳拉·琳妮 Lau...1998 / 美国 / 剧情 科幻,1292064,楚门的世界,https://img9.doubanio.com/view/photo/s_ratio_poster/public/p479682972.jpg,如果再也不能见到你，祝你早安，午安，晚安。,12,9.3
1394954,导演: 拉库马·希拉尼 Rajkumar Hirani 主演: 阿米尔·汗 Aamir Khan / 卡...2009 / 印度 / 剧情 喜剧 爱情 歌舞,3793023,三傻大闹宝莱坞,https://img9.doubanio.com/view/photo/s_ratio_poster/public/p579729551.jpg,英俊版憨豆，高情商版谢耳朵。,13,9.2
988598,导演: 安德鲁·斯坦顿 Andrew Stanton 主演: 本·贝尔特 Ben Burtt / 艾丽...2008 / 美国 / 科幻 动画 冒险,2131459,机器人总动员,https://img9.doubanio.com/view/photo/s_ratio_poster/public/p1461851991.jpg,小瓦力，大人生。,14,9.3
970482,导演: 克里斯托夫·巴拉蒂 Christophe Barratier 主演: 热拉尔·朱尼奥 Gé...2004 / 法国 瑞士 德国 / 剧情 音乐,1291549,放牛班的春天,https://img9.doubanio.com/view/photo/s_ratio_poster/public/p1910824951.jpg,天籁一般的童声，是最接近上帝的存在。 ,15,9.3
1125742,导演: 克里斯托弗·诺兰 Christopher Nolan 主演: 马修·麦康纳 Matthew Mc...2014 / 美国 英国 加拿大 冰岛 / 剧情 科幻 冒险,1889243,星际穿越,https://img9.doubanio.com/view/photo/s_ratio_poster/public/p2206088801.jpg,爱是一种力量，让我们超越时空感知它的存在。,16,9.3
1103479,导演: 刘镇伟 Jeffrey Lau 主演: 周星驰 Stephen Chow / 吴孟达 Man Tat Ng...1995 / 中国香港 中国大陆 / 喜剧 爱情 奇幻 古装,1292213,大话西游之大圣娶亲,https://img9.doubanio.com/view/photo/s_ratio_poster/public/p2455050536.jpg,一生所爱。,17,9.2
680292,导演: 黄东赫 Dong-hyuk Hwang 主演: 孔侑 Yoo Gong / 郑有美 Yu-mi Jung /...2011 / 韩国 / 剧情,5912992,熔炉,https://img9.doubanio.com/view/photo/s_ratio_poster/public/p1363250216.jpg,我们一路奋战不是为了改变世界，而是为了不让世界改变我们。,18,9.3
1321657,导演: 拜伦·霍华德 Byron Howard / 瑞奇·摩尔 Rich Moore 主演: 金妮弗·...2016 / 美国 / 喜剧 动画 冒险,25662329,疯狂动物城,https://img9.doubanio.com/view/photo/s_ratio_poster/public/p2614500649.jpg,迪士尼给我们营造的乌托邦就是这样，永远善良勇敢，永远出乎意料。,19,9.2
900852,导演: 刘伟强 / 麦兆辉 主演: 刘德华 / 梁朝伟 / 黄秋生2002 / 中国香港 / 剧情 犯罪 悬疑,1307914,无间道,https://img9.doubanio.com/view/photo/s_ratio_poster/public/p2564556863.jpg,香港电影史上永不过时的杰作。,20,9.2
932244,导演: 宫崎骏 Hayao Miyazaki 主演: 日高法子 Noriko Hidaka / 坂本千夏 Ch...1988 / 日本 / 动画 奇幻 冒险,1291560,龙猫,https://img9.doubanio.com/view/photo/s_ratio_poster/public/p2540924496.jpg,人人心中都有个龙猫，童年就永远不会消失。,21,9.2
680839,导演: 弗朗西斯·福特·科波拉 Francis Ford Coppola 主演: 马龙·白兰度 M...1972 / 美国 / 剧情 犯罪,1291841,教父,https://img9.doubanio.com/view/photo/s_ratio_poster/public/p616779645.jpg,千万不要记恨你的对手，这样会让你失去理智。,22,9.3
1115095,导演: 加布里尔·穆奇诺 Gabriele Muccino 主演: 威尔·史密斯 Will Smith ...2006 / 美国 / 剧情 传记 家庭,1849031,当幸福来敲门,https://img9.doubanio.com/view/photo/s_ratio_poster/public/p2614359276.jpg,平民励志片。 ,23,9.1
1301039,导演: 罗伯·莱纳 Rob Reiner 主演: 玛德琳·卡罗尔 Madeline Carroll / 卡...2010 / 美国 / 剧情 喜剧 爱情,3319755,怦然心动,https://img9.doubanio.com/view/photo/s_ratio_poster/public/p501177648.jpg,真正的幸福是来自内心深处。,24,9.1
727545,导演: 奥利维·那卡什 Olivier Nakache / 艾力克·托兰达 Eric Toledano 主...2011 / 法国 / 剧情 喜剧,6786002,触不可及,https://img9.doubanio.com/view/photo/s_ratio_poster/public/p1454261925.jpg,满满温情的高雅喜剧。,25,9.2
296660,导演: 比利·怀尔德 Billy Wilder 主演: 泰隆·鲍华 Tyrone Power / 玛琳·...1957 / 美国 / 剧情 犯罪 悬疑,1296141,控方证人,https://img9.doubanio.com/view/photo/s_ratio_poster/public/p1505392928.jpg,比利·怀德满分作品。,26,9.6
751218,导演: 克里斯托弗·诺兰 Christopher Nolan 主演: 克里斯蒂安·贝尔 Christ...2008 / 美国 英国 / 剧情 动作 科幻 犯罪 惊悚,1851857,蝙蝠侠：黑暗骑士,https://img9.doubanio.com/view/photo/s_ratio_poster/public/p462657443.jpg,无尽的黑暗。,27,9.2
584400,导演: 张艺谋 Yimou Zhang 主演: 葛优 You Ge / 巩俐 Li Gong / 姜武 Wu Jiang1994 / 中国大陆 中国香港 / 剧情 历史 家庭,1292365,活着,https://img9.doubanio.com/view/photo/s_ratio_poster/public/p2513253791.jpg,张艺谋最好的电影。,28,9.2
1102581,导演: 李·昂克里奇 Lee Unkrich / 阿德里安·莫利纳 Adrian Molina 主演: ...2017 / 美国 / 喜剧 动画 奇幻 音乐,20495023,寻梦环游记,https://img9.doubanio.com/view/photo/s_ratio_poster/public/p2614500706.jpg,死亡不是真的逝去，遗忘才是永恒的消亡。,29,9.1
534629,导演: 贝纳尔多·贝托鲁奇 Bernardo Bertolucci 主演: 尊龙 John Lone / 陈...1987 / 英国 意大利 中国大陆 法国 / 剧情 传记 历史,1293172,末代皇帝,https://img9.doubanio.com/view/photo/s_ratio_poster/public/p452089833.jpg,“不要跟我比惨，我比你更惨”再适合这部电影不过了。,30,9.2
501035,导演: 维克多·弗莱明 Victor Fleming / 乔治·库克 George Cukor 主演: 费...1939 / 美国 / 剧情 历史 爱情 战争,1300267,乱世佳人,https://img9.doubanio.com/view/photo/s_ratio_poster/public/p1963126880.jpg,Tomorrow is another day.,31,9.3
1144277,导演: 涅提·蒂瓦里 Nitesh Tiwari 主演: 阿米尔·汗 Aamir Khan / 法缇玛...2016 / 印度 / 剧情 传记 运动 家庭,26387939,摔跤吧！爸爸,https://img9.doubanio.com/view/photo/s_ratio_poster/public/p2457983084.jpg,你不是在为你一个人战斗，你要让千千万万的女性看到女生并不是只能相夫教子。,32,9.0
552689,导演: 彼得·杰克逊 Peter Jackson 主演: 伊利亚·伍德 Elijah Wood / 西恩...2003 / 美国 新西兰 / 剧情 动作 奇幻 冒险,1291552,指环王3：王者无敌,https://img9.doubanio.com/view/photo/s_ratio_poster/public/p1910825503.jpg,史诗的终章。,33,9.2
681033,导演: 娜丁·拉巴基 Nadine Labaki 主演: 扎因·拉费阿 Zain al-Rafeea / ...2018 / 黎巴嫩 法国 美国 / 剧情,30170448,何以为家,https://img9.doubanio.com/view/photo/s_ratio_poster/public/p2555295759.jpg,凝视卑弱生命，用电影改变命运。,34,9.1
1044308,导演: 李安 Ang Lee 主演: 苏拉·沙玛 Suraj Sharma / 伊尔凡·可汗 Irrfan...2012 / 美国 中国台湾 英国 加拿大 / 剧情 奇幻 冒险,1929463,少年派的奇幻漂流,https://img9.doubanio.com/view/photo/s_ratio_poster/public/p1784592701.jpg,瑰丽壮观、无人能及的冒险之旅。,35,9.1
977714,导演: 彼特·道格特 Pete Docter / 鲍勃·彼德森 Bob Peterson 主演: 爱德...2009 / 美国 / 剧情 喜剧 动画 冒险,2129039,飞屋环游记,https://img9.doubanio.com/view/photo/s_ratio_poster/public/p485887754.jpg,最后那些最无聊的事情，才是最值得怀念的。 ,36,9.0
332898,导演: Sidney Lumet 主演: 亨利·方达 Henry Fonda / 马丁·鲍尔萨姆 Marti...1957 / 美国 / 剧情,1293182,十二怒汉,https://img9.doubanio.com/view/photo/s_ratio_poster/public/p2173577632.jpg,1957年的理想主义。 ,37,9.4
450206,导演: 姜文 Wen Jiang 主演: 姜文 Wen Jiang / 香川照之 Teruyuki Kagawa /...2000 / 中国大陆 / 剧情 喜剧,1291858,鬼子来了,https://img9.doubanio.com/view/photo/s_ratio_poster/public/p2553104888.jpg,对敌人的仁慈，就是对自己残忍。,38,9.2
457022,导演: 李濬益 Jun-ik Lee 主演: 薛景求 Kyung-gu Sol / 严志媛 Ji-won Uhm ...2013 / 韩国 / 剧情,21937452,素媛,https://img9.doubanio.com/view/photo/s_ratio_poster/public/p2118532944.jpg,受过伤害的人总是笑得最开心，因为他们不愿意让身边的人承受一样的痛苦。,39,9.2
620217,导演: 宫崎骏 Hayao Miyazaki 主演: 田中真弓 Mayumi Tanaka / 横泽启子 Ke...1986 / 日本 / 动画 奇幻 冒险,1291583,天空之城,https://img9.doubanio.com/view/photo/s_ratio_poster/public/p1446261379.jpg,对天空的追逐，永不停止。 ,40,9.1
715425,导演: 宫崎骏 Hayao Miyazaki 主演: 倍赏千惠子 Chieko Baishô / 木村拓...2004 / 日本 / 动画 奇幻 冒险,1308807,哈尔的移动城堡,https://img9.doubanio.com/view/photo/s_ratio_poster/public/p2174346180.jpg,带着心爱的人在天空飞翔。,41,9.1
882954,导演: 刘镇伟 Jeffrey Lau 主演: 周星驰 Stephen Chow / 吴孟达 Man Tat Ng...1995 / 中国香港 中国大陆 / 喜剧 爱情 奇幻 古装,1299398,大话西游之月光宝盒,https://img9.doubanio.com/view/photo/s_ratio_poster/public/p2561721372.jpg,旷古烁今。,42,9.0
482386,导演: 朱塞佩·托纳多雷 Giuseppe Tornatore 主演: 安东内拉·阿蒂利 Anton...1988 / 意大利 法国 / 剧情 爱情,1291828,天堂电影院,https://img9.doubanio.com/view/photo/s_ratio_poster/public/p2559577569.jpg,那些吻戏，那些青春，都在影院的黑暗里被泪水冲刷得无比清晰。,43,9.2
715844,导演: 威廉·惠勒 William Wyler 主演: 奥黛丽·赫本 Audrey Hepburn / 格...1953 / 美国 / 喜剧 剧情 爱情,1293839,罗马假日,https://img9.doubanio.com/view/photo/s_ratio_poster/public/p2189265085.jpg,爱情哪怕只有一天。,44,9.0
687761,导演: Chris Columbus 主演: Daniel Radcliffe / Emma Watson / Rupert Grint2001 / 美国 英国 / 奇幻 冒险,1295038,哈利·波特与魔法石,https://img9.doubanio.com/view/photo/s_ratio_poster/public/p804947166.jpg,童话世界的开端。,45,9.0
623390,导演: 马丁·布莱斯 Martin Brest 主演: 阿尔·帕西诺 Al Pacino / 克里斯...1992 / 美国 / 剧情,1298624,闻香识女人,https://img9.doubanio.com/view/photo/s_ratio_poster/public/p2550757929.jpg,史上最美的探戈。,46,9.1
447398,导演: 杨宇硕 Woo-seok Yang 主演: 宋康昊 Kang-ho Song / 金英爱 Yeong-ae...2013 / 韩国 / 剧情,21937445,辩护人,https://img9.doubanio.com/view/photo/s_ratio_poster/public/p2158166535.jpg,电影的现实意义大过电影本身。,47,9.2
1528999,导演: 文牧野 Muye Wen 主演: 徐峥 Zheng Xu / 王传君 Chuanjun Wang / 周...2018 / 中国大陆 / 剧情 喜剧,26752088,我不是药神,https://img9.doubanio.com/view/photo/s_ratio_poster/public/p2561305376.jpg,对我们国家而言，这样的电影多一部是一部。,48,9.0
641370,导演: 大卫·芬奇 David Fincher 主演: 爱德华·诺顿 Edward Norton / 布拉...1999 / 美国 德国 / 剧情 动作 悬疑 惊悚,1292000,搏击俱乐部,https://img9.doubanio.com/view/photo/s_ratio_poster/public/p1910926158.jpg,邪恶与平庸蛰伏于同一个母体，在特定的时间互相对峙。,49,9.0
508405,导演: 彼得·威尔 Peter Weir 主演: 罗宾·威廉姆斯 Robin Williams / 罗伯...1989 / 美国 / 剧情,1291548,死亡诗社,https://img9.doubanio.com/view/photo/s_ratio_poster/public/p2575465690.jpg,当一个死水般的体制内出现一个活跃的变数时，所有的腐臭都站在了光明的对面。,50,9.1
377375,导演: 弗朗西斯·福特·科波拉 Francis Ford Coppola 主演: 阿尔·帕西诺 A...1974 / 美国 / 剧情 犯罪,1299131,教父2,https://img9.doubanio.com/view/photo/s_ratio_poster/public/p2194138787.jpg,优雅的孤独。,51,9.2
588230,导演: Roger Allers / 罗伯·明可夫 Rob Minkoff 主演: 乔纳森·泰勒·托马...1994 / 美国 / 动画 冒险 歌舞,1301753,狮子王,https://img9.doubanio.com/view/photo/s_ratio_poster/public/p2277799019.jpg,动物版《哈姆雷特》。,52,9.0
504064,导演: 彼得·杰克逊 Peter Jackson 主演: 伊利亚·伍德 Elijah Wood / 西恩...2002 / 美国 新西兰 / 剧情 动作 奇幻 冒险,1291572,指环王2：双塔奇兵,https://img9.doubanio.com/view/photo/s_ratio_poster/public/p909265336.jpg,承前启后的史诗篇章。,53,9.1
282962,导演: 万籁鸣 Laiming Wan / 唐澄 Cheng Tang 主演: 邱岳峰 Yuefeng Qiu /...1961(中国大陆) / 1964(中国大陆) / 1978(中国大陆) / 2004(中国大陆) / 中国大陆 / 动画 奇幻,1418019,大闹天宫,https://img9.doubanio.com/view/photo/s_ratio_poster/public/p2184505167.jpg,经典之作，历久弥新。,54,9.3
417875,导演: 弗洛里安·亨克尔·冯·多纳斯马尔克 Florian Henckel von Donnersmarck &n...2006 / 德国 / 剧情 悬疑,1900841,窃听风暴,https://img9.doubanio.com/view/photo/s_ratio_poster/public/p1808872109.jpg,别样人生。,55,9.1
591296,导演: 史蒂文·斯皮尔伯格 Steven Spielberg 主演: 莱昂纳多·迪卡普里奥 L...2002 / 美国 加拿大 / 传记 犯罪 剧情,1305487,猫鼠游戏,https://img9.doubanio.com/view/photo/s_ratio_poster/public/p453924541.jpg,骗子大师和执著警探的你追我跑故事。 ,56,9.0
567207,导演: 彼得·杰克逊 Peter Jackson 主演: 伊利亚·伍德 Elijah Wood / 西恩...2001 / 新西兰 美国 / 剧情 动作 奇幻 冒险,1291571,指环王1：魔戒再现,https://img9.doubanio.com/view/photo/s_ratio_poster/public/p1354436051.jpg,传说的开始。,57,9.0
380259,导演: 罗曼·波兰斯基 Roman Polanski 主演: 艾德里安·布洛迪 Adrien Brod...2002 / 法国 德国 英国 波兰 / 剧情 传记 历史 战争 音乐,1296736,钢琴家,https://img9.doubanio.com/view/photo/s_ratio_poster/public/p792376093.jpg,音乐能化解仇恨。,58,9.2
446647,导演: Guy Ritchie 主演: Jason Flemyng / Dexter Fletcher / Nick Moran1998 / 英国 / 剧情 喜剧 犯罪,1293350,两杆大烟枪,https://img9.doubanio.com/view/photo/s_ratio_poster/public/p792443418.jpg,4个臭皮匠顶个诸葛亮，盖·里奇果然不是盖的。,59,9.1
551928,导演: 朗·霍华德 Ron Howard 主演: 罗素·克劳 Russell Crowe / 艾德·哈...2001 / 美国 / 传记 剧情,1306029,美丽心灵,https://img9.doubanio.com/view/photo/s_ratio_poster/public/p1665997400.jpg,爱是一切逻辑和原由。,60,9.0
569819,导演: 安迪·沃卓斯基 Andy Wachowski / 拉娜·沃卓斯基 Lana Wachowski 主...1999 / 美国 澳大利亚 / 动作 科幻,1291843,黑客帝国,https://img9.doubanio.com/view/photo/s_ratio_poster/public/p451926968.jpg,视觉革命。,61,9.0
414741,导演: 李安 Ang Lee 主演: 郎雄 Sihung Lung / 杨贵媚 Kuei-Mei Yang / 吴...1994 / 中国台湾 美国 / 剧情 家庭,1291818,饮食男女,https://img9.doubanio.com/view/photo/s_ratio_poster/public/p1910899751.jpg,人生不能像做菜，把所有的料都准备好了才下锅。,62,9.1
436904,导演: 米洛斯·福尔曼 Miloš Forman 主演: 杰克·尼科尔森 Jack Nichols...1975 / 美国 / 剧情,1292224,飞越疯人院,https://img9.doubanio.com/view/photo/s_ratio_poster/public/p792238287.jpg,自由万岁。,63,9.1
720230,导演: 大卫·芬奇 David Fincher 主演: 凯特·布兰切特 Cate Blanchett / ...2008 / 美国 / 剧情 爱情 奇幻,1485260,本杰明·巴顿奇事,https://img9.doubanio.com/view/photo/s_ratio_poster/public/p2192535722.jpg,在时间之河里感受溺水之苦。,64,8.9
770981,导演: 詹姆斯·麦克特格 James McTeigue 主演: 娜塔莉·波特曼 Natalie Por...2005 / 美国 英国 德国 / 剧情 动作 科幻 惊悚,1309046,V字仇杀队,https://img9.doubanio.com/view/photo/s_ratio_poster/public/p1465235231.jpg,一张面具背后的理想与革命。,65,8.9
1174237,导演: 姜文 Wen Jiang 主演: 姜文 Wen Jiang / 葛优 You Ge / 周润发 Yun-F...2010 / 中国大陆 中国香港 / 剧情 喜剧 动作 西部,3742360,让子弹飞,https://img9.doubanio.com/view/photo/s_ratio_poster/public/p1512562287.jpg,你给我翻译翻译，神马叫做TMD的惊喜。,66,8.8
853299,导演: 奥里奥尔·保罗 Oriol Paulo 主演: 马里奥·卡萨斯 Mario Casas / 阿...2016 / 西班牙 / 剧情 犯罪 悬疑 惊悚,26580232,看不见的客人,https://img9.doubanio.com/view/photo/s_ratio_poster/public/p2498971355.jpg,你以为你以为的就是你以为的。,67,8.8
710446,导演: 朱塞佩·托纳多雷 Giuseppe Tornatore 主演: 莫妮卡·贝鲁奇 Monica ...2000 / 意大利 美国 / 剧情 战争 情色,1292402,西西里的美丽传说,https://img9.doubanio.com/view/photo/s_ratio_poster/public/p2448029416.jpg,美丽无罪。,68,8.9
1109364,导演: 彼得·法雷里 Peter Farrelly 主演: 维果·莫腾森 Viggo Mortensen /...2018 / 美国 / 剧情 喜剧 传记,27060077,绿皮书,https://img9.doubanio.com/view/photo/s_ratio_poster/public/p2549177902.jpg,去除成见，需要勇气。,69,8.9
291888,导演: 马基德·马基迪 Majid Majidi 主演: 法拉赫阿米尔·哈什米安 Amir Fa...1997 / 伊朗 / 剧情 儿童 家庭,1303021,小鞋子,https://img9.doubanio.com/view/photo/s_ratio_poster/public/p2173580536.jpg,奔跑的孩子是天使。,70,9.2
466764,导演: 史蒂文·斯皮尔伯格 Steven Spielberg 主演: 汤姆·汉克斯 Tom Hanks...1998 / 美国 / 剧情 历史 战争,1292849,拯救大兵瑞恩,https://img9.doubanio.com/view/photo/s_ratio_poster/public/p1014542496.jpg,美利坚精神输出大片No1.,71,9.0
288719,导演: 路易·西霍尤斯 Louie Psihoyos 主演: Richard O'Barry / 路易·西霍...2009 / 美国 / 纪录片,3442220,海豚湾,https://img9.doubanio.com/view/photo/s_ratio_poster/public/p2559579779.jpg,海豚的微笑，是世界上最高明的伪装。,72,9.3
660816,导演: 岩井俊二 Shunji Iwai 主演: 中山美穗 Miho Nakayama / 丰川悦司 Ets...1995 / 日本 / 剧情 爱情,1292220,情书,https://img9.doubanio.com/view/photo/s_ratio_poster/public/p449897379.jpg,暗恋的极致。,73,8.9
361712,导演: 马克·赫尔曼 Mark Herman 主演: 阿萨·巴特菲尔德 Asa Butterfield ...2008 / 英国 美国 / 剧情 战争,3008247,穿条纹睡衣的男孩,https://img9.doubanio.com/view/photo/s_ratio_poster/public/p1473670352.jpg,尽管有些不切实际的幻想，这部电影依旧是一部感人肺腑的佳作。,74,9.1
288320,导演: 阿兰·葛斯彭纳 Alain Gsponer 主演: 阿努克·斯特芬 Anuk Steffen /...2015 / 德国 瑞士 南非 / 剧情 冒险 家庭,25958717,海蒂和爷爷,https://img9.doubanio.com/view/photo/s_ratio_poster/public/p2554525534.jpg,如果生活中有什么使你感到快乐，那就去做吧！不要管别人说什么。,75,9.2
434880,导演: 罗伯特·怀斯 Robert Wise 主演: 朱莉·安德鲁斯 Julie Andrews / 克...1965 / 美国 / 剧情 传记 爱情 歌舞,1294408,音乐之声,https://img9.doubanio.com/view/photo/s_ratio_poster/public/p453788577.jpg,用音乐化解仇恨，让歌声串起美好。,76,9.0
305758,导演: 赛尔乔·莱翁内 Sergio Leone 主演: 罗伯特·德尼罗 Robert De Niro ...1984 / 美国 意大利 / 犯罪 剧情,1292262,美国往事,https://img9.doubanio.com/view/photo/s_ratio_poster/public/p477229647.jpg,往事如烟，无处祭奠。,77,9.2
618286,导演: 克里斯托弗·诺兰 Christopher Nolan 主演: 休·杰克曼 Hugh Jackman...2006 / 英国 美国 / 剧情 悬疑 惊悚,1780330,致命魔术,https://img9.doubanio.com/view/photo/s_ratio_poster/public/p480383375.jpg,孪生蝙蝠侠大战克隆金刚狼。,78,8.9
608664,导演: 昆汀·塔伦蒂诺 Quentin Tarantino 主演: 约翰·特拉沃尔塔 John Tra...1994 / 美国 / 剧情 喜剧 犯罪,1291832,低俗小说,https://img9.doubanio.com/view/photo/s_ratio_poster/public/p1910902213.jpg,故事的高级讲法。,79,8.8
713357,导演: 大卫·芬奇 David Fincher 主演: 摩根·弗里曼 Morgan Freeman / 布...1995 / 美国 / 剧情 犯罪 悬疑 惊悚,1292223,七宗罪,https://img9.doubanio.com/view/photo/s_ratio_poster/public/p2219586434.jpg,警察抓小偷，老鼠玩死猫。,80,8.8
614233,导演: 乔纳森·戴米 Jonathan Demme 主演: 朱迪·福斯特 Jodie Foster / 安...1991 / 美国 / 剧情 犯罪 惊悚,1293544,沉默的羔羊,https://img9.doubanio.com/view/photo/s_ratio_poster/public/p1593414327.jpg,安东尼·霍普金斯的顶级表演。,81,8.8
678691,导演: 埃里克·布雷斯 Eric Bress / J·麦基·格鲁伯 J. Mackye Gruber 主...2004 / 美国 加拿大 / 剧情 悬疑 科幻 惊悚,1292343,蝴蝶效应,https://img9.doubanio.com/view/photo/s_ratio_poster/public/p2209066019.jpg,人的命运被自己瞬间的抉择改变。,82,8.8
682555,导演: Martin Scorsese 主演: 莱昂纳多·迪卡普里奥 Leonardo DiCaprio / ...2010 / 美国 / 剧情 悬疑 惊悚,2334904,禁闭岛,https://img9.doubanio.com/view/photo/s_ratio_poster/public/p1832875827.jpg,昔日翩翩少年，今日大腹便便。,83,8.8
510133,导演: 格斯·范·桑特 Gus Van Sant 主演: 马特·达蒙 Matt Damon / 罗宾·...1997 / 美国 / 剧情,1292656,心灵捕手,https://img9.doubanio.com/view/photo/s_ratio_poster/public/p480965695.jpg,人生中应该拥有这样的一段豁然开朗。,84,8.9
458409,导演: 王家卫 Kar Wai Wong 主演: 张国荣 Leslie Cheung / 梁朝伟 Tony Leu...1997 / 中国香港 日本 韩国 / 剧情 爱情 同性,1292679,春光乍泄,https://img9.doubanio.com/view/photo/s_ratio_poster/public/p465939041.jpg,爱情纠缠，男女一致。,85,8.9
643921,导演: 韦斯·安德森 Wes Anderson 主演: 拉尔夫·费因斯 Ralph Fiennes / ...2014 / 美国 德国 英国 / 剧情 喜剧 冒险,11525673,布达佩斯大饭店,https://img9.doubanio.com/view/photo/s_ratio_poster/public/p2178872593.jpg,小清新的故事里注入了大历史的情怀。,86,8.8
546393,导演: 中岛哲也 Tetsuya Nakashima 主演: 中谷美纪 Miki Nakatani / 瑛太 E...2006 / 日本 / 剧情 歌舞,1787291,被嫌弃的松子的一生,https://img9.doubanio.com/view/photo/s_ratio_poster/public/p884763596.jpg,以戏谑来戏谑戏谑。,87,8.9
968287,导演: 詹姆斯·卡梅隆 James Cameron 主演: 萨姆·沃辛顿 Sam Worthington ...2009 / 美国 英国 / 动作 科幻 冒险,1652587,阿凡达,https://img9.doubanio.com/view/photo/s_ratio_poster/public/p2180085848.jpg,绝对意义上的美轮美奂。,88,8.7
203304,导演: 查理·卓别林 Charles Chaplin 主演: 查理·卓别林 Charles Chaplin ...1936 / 美国 / 剧情 喜剧 爱情,1294371,摩登时代,https://img9.doubanio.com/view/photo/s_ratio_poster/public/p2263408369.jpg,大时代中的人生，小人物的悲喜。,89,9.3
818344,导演: 蒂姆·波顿 Tim Burton 主演: 约翰尼·德普 Johnny Depp / 薇诺娜·...1990 / 美国 / 剧情 奇幻 爱情,1292370,剪刀手爱德华,https://img9.doubanio.com/view/photo/s_ratio_poster/public/p480956937.jpg,浪漫忧郁的成人童话。,90,8.7
450220,导演: 梅尔·吉布森 Mel Gibson 主演: 梅尔·吉布森 Mel Gibson / 苏菲·玛...1995 / 美国 / 动作 传记 剧情 历史 战争,1294639,勇敢的心,https://img9.doubanio.com/view/photo/s_ratio_poster/public/p2218094815.jpg,史诗大片的典范。,91,8.9
684529,导演: 周星驰 Stephen Chow / 李力持 Lik-Chi Lee 主演: 周星驰 Stephen Ch...1999 / 中国香港 / 喜剧 剧情 爱情,1302425,喜剧之王,https://img9.doubanio.com/view/photo/s_ratio_poster/public/p2579932167.jpg,我是一个演员。,92,8.7
780447,导演: 让-皮埃尔·热内 Jean-Pierre Jeunet 主演: 奥黛丽·塔图 Audrey Tau...2001 / 法国 德国 / 喜剧 爱情,1292215,天使爱美丽,https://img9.doubanio.com/view/photo/s_ratio_poster/public/p2447590313.jpg,法式小清新。 ,93,8.7
574902,导演: 詹姆斯·曼高德 James Mangold 主演: 约翰·库萨克 John Cusack / 雷...2003 / 美国 / 剧情 悬疑 惊悚,1297192,致命ID,https://img9.doubanio.com/view/photo/s_ratio_poster/public/p2558364386.jpg,最不可能的那个人永远是最可能的。,94,8.8
644142,导演: 戈尔·维宾斯基 Gore Verbinski 主演: 约翰尼·德普 Johnny Depp / ...2003 / 美国 / 动作 冒险 奇幻,1298070,加勒比海盗,https://img9.doubanio.com/view/photo/s_ratio_poster/public/p1596085504.jpg,约翰尼·德普的独角戏。,95,8.8
545535,导演: 大卫·叶茨 David Yates 主演: 丹尼尔·雷德克里夫 Daniel Radcliffe...2011 / 美国 英国 / 奇幻 冒险,3011235,哈利·波特与死亡圣器(下),https://img9.doubanio.com/view/photo/s_ratio_poster/public/p917846733.jpg,10年的完美句点。,96,8.8
543713,导演: 李安 Ang Lee 主演: 希斯·莱杰 Heath Ledger / 杰克·吉伦哈尔 Jake...2005 / 美国 加拿大 / 剧情 爱情 同性 家庭,1418834,断背山,https://img9.doubanio.com/view/photo/s_ratio_poster/public/p2514704949.jpg,每个人心中都有一座断背山。,97,8.8
477673,导演: 奉俊昊 Joon-ho Bong 主演: 宋康昊 Kang-ho Song / 金相庆 Sang-kyun...2003 / 韩国 / 剧情 动作 犯罪 悬疑 惊悚,1300299,杀人回忆,https://img9.doubanio.com/view/photo/s_ratio_poster/public/p657823840.jpg,关于连环杀人悬案的集体回忆。,98,8.8
259869,导演: 托马斯·温特伯格 Thomas Vinterberg 主演: 麦斯·米科尔森 Mads Mik...2012 / 丹麦 瑞典 / 剧情,6985810,狩猎,https://img9.doubanio.com/view/photo/s_ratio_poster/public/p1546987967.jpg,人言可畏。,99,9.1
465011,导演: 卢卡·瓜达尼诺 Luca Guadagnino 主演: 艾米·汉莫 Armie Hammer / ...2017 / 意大利 法国 巴西 美国 荷兰 德国 / 剧情 爱情 同性,26799731,请以你的名字呼唤我,https://img9.doubanio.com/view/photo/s_ratio_poster/public/p2505525050.jpg,沉醉在电影的情感和视听氛围中无法自拔。,100,8.9
399709,导演: 宫崎骏 Hayao Miyazaki 主演: 松田洋治 Yôji Matsuda / 石田百合...1997 / 日本 / 动画 奇幻 冒险,1297359,幽灵公主,https://img9.doubanio.com/view/photo/s_ratio_poster/public/p1613191025.jpg,人与自然的战争史诗。,101,8.9
460662,导演: 姜文 Wen Jiang 主演: 夏雨 Yu Xia / 宁静 Jing Ning / 陶虹 Hong Tao1994 / 中国大陆 中国香港 / 剧情 爱情,1291875,阳光灿烂的日子,https://img9.doubanio.com/view/photo/s_ratio_poster/public/p2564685215.jpg,一场华丽的意淫。,102,8.8
305966,导演: 森淳一 Junichi Mori 主演: 桥本爱 Ai Hashimoto / 三浦贵大 Takahir...2014 / 日本 / 剧情,25814705,小森林 夏秋篇,https://img9.doubanio.com/view/photo/s_ratio_poster/public/p2564498893.jpg,那些静得只能听见呼吸的日子里，你明白孤独即生活。,103,9.0
581020,导演: 王家卫 Kar Wai Wong 主演: 林青霞 Brigitte Lin / 金城武 Takeshi K...1994 / 中国香港 / 剧情 爱情,1291999,重庆森林,https://img9.doubanio.com/view/photo/s_ratio_poster/public/p792381411.jpg,寂寞没有期限。,104,8.7
378360,导演: 李焕庆 Hwan-kyeong Lee 主演: 柳承龙 Seung-yong Ryoo / 朴信惠 Shi...2013 / 韩国 / 剧情 喜剧 家庭,10777687,7号房的礼物,https://img9.doubanio.com/view/photo/s_ratio_poster/public/p1816276065.jpg,《我是山姆》的《美丽人生》。,105,8.9
453489,导演: 泷田洋二郎 Yôjirô Takita 主演: 本木雅弘 Masahiro Motoki / ...2008 / 日本 / 剧情,2149806,入殓师,https://img9.doubanio.com/view/photo/s_ratio_poster/public/p1583839859.jpg,死可能是一道门，逝去并不是终结，而是超越，走向下一程。,106,8.8
396860,导演: M·奈特·沙马兰 M. Night Shyamalan 主演: 布鲁斯·威利斯 Bruce Wi...1999 / 美国 / 剧情 悬疑 惊悚,1297630,第六感,https://img9.doubanio.com/view/photo/s_ratio_poster/public/p2220184425.jpg,深入内心的恐怖，出人意料的结局。,107,8.9
283774,导演: 今敏 Satoshi Kon 主演: 林原惠美 Megumi Hayashibara / 江守彻 Toru...2006 / 日本 / 动画 悬疑 科幻 惊悚,1865703,红辣椒,https://img9.doubanio.com/view/photo/s_ratio_poster/public/p456825720.jpg,梦的勾结。,108,9.0
652857,导演: 大卫·芬奇 David Fincher 主演: 本·阿弗莱克 Ben Affleck / 罗莎蒙...2014 / 美国 / 剧情 犯罪 悬疑 惊悚,21318488,消失的爱人,https://img9.doubanio.com/view/photo/s_ratio_poster/public/p2221768894.jpg,年度最佳date movie。,109,8.7
270224,导演: 森淳一 Junichi Mori 主演: 桥本爱 Ai Hashimoto / 三浦贵大 Takahir...2015 / 日本 / 剧情,25814707,小森林 冬春篇,https://img9.doubanio.com/view/photo/s_ratio_poster/public/p2258078370.jpg,尊敬他人，尊敬你生活的这片土地，明白孤独是人生的常态。,110,9.0
434321,导演: 理查德·林克莱特 Richard Linklater 主演: 伊桑·霍克 Ethan Hawke ...1995 / 美国 奥地利 瑞士 / 剧情 爱情,1296339,爱在黎明破晓前,https://img9.doubanio.com/view/photo/s_ratio_poster/public/p2555762374.jpg,缘分是个连绵词，最美不过一瞬。,111,8.8
258210,导演: 杨德昌 Edward Yang 主演: 吴念真 / 李凯莉 Kelly Lee / 金燕玲 Elai...2000 / 中国台湾 日本 / 剧情 爱情 家庭,1292434,一一,https://img9.doubanio.com/view/photo/s_ratio_poster/public/p2567845803.jpg,我们都曾经是一一。,112,9.0
334202,导演: 近藤喜文 Yoshifumi Kondo 主演: 本名阳子 Youko Honna / 小林桂树 K...1995 / 日本 / 剧情 爱情 动画,1297052,侧耳倾听,https://img9.doubanio.com/view/photo/s_ratio_poster/public/p456692072.jpg,少女情怀总是诗。,113,8.9
742891,导演: 李力持 Lik-Chi Lee 主演: 周星驰 Stephen Chow / 巩俐 Li Gong / 陈...1993 / 中国香港 / 喜剧 爱情 古装,1306249,唐伯虎点秋香,https://img9.doubanio.com/view/photo/s_ratio_poster/public/p2357915564.jpg,华太师是黄霑，吴镇宇四大才子之一。,114,8.6
339371,导演: 托尼·凯耶 Tony Kaye 主演: 艾德里安·布洛迪 Adrien Brody / 马西...2011 / 美国 / 剧情,5322596,超脱,https://img9.doubanio.com/view/photo/s_ratio_poster/public/p1305562621.jpg,穷尽一生，我们要学会的，不过是彼此拥抱。,115,8.9
525942,导演: 程小东 Siu-Tung Ching 主演: 张国荣 Leslie Cheung / 王祖贤 Joey W...1987 / 中国香港 / 爱情 奇幻 武侠 古装,1297447,倩女幽魂,https://img9.doubanio.com/view/photo/s_ratio_poster/public/p2414157745.jpg,两张绝世的脸。 ,116,8.7
336319,导演: 亚当·艾略特 Adam Elliot 主演: 托妮·科莱特 Toni Collette / 菲利...2009 / 澳大利亚 / 剧情 喜剧 动画,3072124,玛丽和马克思,https://img9.doubanio.com/view/photo/s_ratio_poster/public/p2162822165.jpg,你是我最好的朋友，你是我唯一的朋友 。,117,8.9
518765,导演: 克里斯托弗·诺兰 Christopher Nolan 主演: 克里斯蒂安·贝尔 Christ...2012 / 美国 英国 / 剧情 动作 科幻 犯罪 惊悚,3395373,蝙蝠侠：黑暗骑士崛起,https://img9.doubanio.com/view/photo/s_ratio_poster/public/p1706428744.jpg,诺兰就是保证。,118,8.8
542786,导演: 中岛哲也 Tetsuya Nakashima 主演: 松隆子 Takako Matsu / 冈田将生 ...2010 / 日本 / 剧情 惊悚,4268598,告白,https://img9.doubanio.com/view/photo/s_ratio_poster/public/p689520756.jpg,没有一人完全善，也没有一人完全恶。,119,8.7
379444,导演: 陈可辛 Peter Chan 主演: 黎明 Leon Lai / 张曼玉 Maggie Cheung / ...1996 / 中国香港 / 剧情 爱情,1305164,甜蜜蜜,https://img9.doubanio.com/view/photo/s_ratio_poster/public/p2223011274.jpg,相逢只要一瞬间，等待却像是一辈子。,120,8.8
427845,导演: 蒂姆·波顿 Tim Burton 主演: 伊万·麦克格雷格 Ewan McGregor / 阿...2003 / 美国 / 剧情 家庭 奇幻 冒险,1291545,大鱼,https://img9.doubanio.com/view/photo/s_ratio_poster/public/p692813374.jpg,抱着梦想而活着的人是幸福的，怀抱梦想而死去的人是不朽的。,121,8.8
199953,导演: 是枝裕和 Hirokazu Koreeda 主演: 柳乐优弥 Yûya Yagira / 北浦爱...2004 / 日本 / 剧情,1292337,无人知晓,https://img9.doubanio.com/view/photo/s_ratio_poster/public/p661160053.jpg,我的平常生活就是他人的幸福。,122,9.1
463419,导演: 姜炯哲 Hyeong-Cheol Kang 主演: 沈恩京 Eun-kyung Shim / 闵孝琳 Hy...2011 / 韩国 / 剧情 喜剧,4917726,阳光姐妹淘,https://img9.doubanio.com/view/photo/s_ratio_poster/public/p1374786017.jpg,再多各自牛逼的时光，也比不上一起傻逼的岁月。 ,123,8.8
361894,导演: 大森贵弘 Takahiro Omori 主演: 佐仓绫音 Ayane Sakura / 内山昂辉 K...2011 / 日本 / 剧情 爱情 动画 奇幻,5989818,萤火之森,https://img9.doubanio.com/view/photo/s_ratio_poster/public/p1675053073.jpg,触不到的恋人。,124,8.9
476460,导演: 刘镇伟 Jeffrey Lau 主演: 梁朝伟 Tony Leung Chiu Wai / 林青霞 Bri...1993 / 中国香港 / 喜剧 奇幻 武侠 古装,1316510,射雕英雄传之东成西就,https://img9.doubanio.com/view/photo/s_ratio_poster/public/p2609063925.jpg,百看不厌。 ,125,8.7
720288,导演: 唐·霍尔 Don Hall / 克里斯·威廉姆斯 Chris Williams 主演: 斯科特...2014 / 美国 / 喜剧 动作 科幻 动画 冒险,11026735,超能陆战队,https://img9.doubanio.com/view/photo/s_ratio_poster/public/p2614500883.jpg,Balalala~~~,126,8.7
556042,导演: 迪恩·德布洛斯 Dean DeBlois / 克里斯·桑德斯 Chris Sanders 主演:...2010 / 美国 / 动画 奇幻 冒险,2353023,驯龙高手,https://img9.doubanio.com/view/photo/s_ratio_poster/public/p2210954024.jpg,和谐的生活离不开摸头与被摸头。,127,8.7
394287,导演: 米林宏昌 Hiromasa Yonebayashi 主演: 志田未来 Mirai Shida / 神木...2010 / 日本 / 动画 奇幻 冒险,4202302,借东西的小人阿莉埃蒂,https://img9.doubanio.com/view/photo/s_ratio_poster/public/p617533616.jpg,曾经的那段美好会沉淀为一辈子的记忆。,128,8.8
395073,导演: 史蒂文·斯皮尔伯格 Steven Spielberg 主演: 汤姆·汉克斯 Tom Hanks...2004 / 美国 / 喜剧 剧情 爱情,1292274,幸福终点站,https://img9.doubanio.com/view/photo/s_ratio_poster/public/p854757687.jpg,有时候幸福需要等一等。 ,129,8.8
374571,导演: 北野武 Takeshi Kitano 主演: 北野武 Takeshi Kitano / 关口雄介 Yus...1999 / 日本 / 剧情 喜剧,1293359,菊次郎的夏天,https://img9.doubanio.com/view/photo/s_ratio_poster/public/p751835224.jpg,从没见过那么流氓的温柔，从没见过那么温柔的流氓。,130,8.8
367548,导演: 理查德·林克莱特 Richard Linklater 主演: 伊桑·霍克 Ethan Hawke ...2004 / 美国 法国 / 剧情 爱情,1291990,爱在日落黄昏时,https://img9.doubanio.com/view/photo/s_ratio_poster/public/p2561542458.jpg,九年后的重逢是世俗和责任的交叠，没了悸动和青涩，沧桑而温暖。,131,8.8
460102,导演: 金秉祐 Byeong-woo Kim 主演: 河正宇 Jung-woo Ha / 李璟荣 Kyeong-y...2013 / 韩国 / 剧情 犯罪 悬疑,21360417,恐怖直播,https://img9.doubanio.com/view/photo/s_ratio_poster/public/p2016930906.jpg,恐怖分子的“秋菊打官司”。,132,8.8
187159,导演: 克林特·伊斯特伍德 Clint Eastwood 主演: 凯文·科斯特纳 Kevin Cos...1993 / 美国 / 剧情 犯罪,1300992,完美的世界,https://img9.doubanio.com/view/photo/s_ratio_poster/public/p2190556408.jpg,坏人的好总是比好人的好来得更感人。,133,9.1
693478,导演: 周星驰 Stephen Chow 主演: 周星驰 Stephen Chow / 元秋 Qiu Yuen / ...2004 / 中国大陆 中国香港 / 动作 喜剧 犯罪 奇幻,1291543,功夫,https://img9.doubanio.com/view/photo/s_ratio_poster/public/p2219011938.jpg,警恶惩奸，维护世界和平这个任务就交给你了，好吗？,134,8.6
100813,导演: 伏原健之 Kenshi Fushihara 主演: 津端修一 Shûichi Tsubata / 津...2017 / 日本 / 纪录片,26874505,人生果实,https://img9.doubanio.com/view/photo/s_ratio_poster/public/p2544912792.jpg,土壤没有落叶不会肥沃，没有了你就不算人生。,135,9.5
716662,导演: 皮艾尔·柯芬 Pierre Coffin / 克里斯·雷纳德 Chris Renaud 主演: ...2010 / 美国 法国 / 喜剧 动画 冒险,3287562,神偷奶爸,https://img9.doubanio.com/view/photo/s_ratio_poster/public/p792776858.jpg,Mr. I Don't Care其实也有Care的时候。,136,8.6
469730,导演: 彼特·道格特 Pete Docter / 大卫·斯沃曼 David Silverman 主演: 约...2001 / 美国 / 儿童 喜剧 动画 奇幻 冒险,1291579,怪兽电力公司,https://img9.doubanio.com/view/photo/s_ratio_poster/public/p2513247938.jpg,不要给它起名字，起了名字就有感情了。,137,8.7
364116,导演: 李·昂克里奇 Lee Unkrich 主演: 汤姆·汉克斯 Tom Hanks / 蒂姆·艾...2010 / 美国 / 喜剧 动画 奇幻 冒险,1858711,玩具总动员3,https://img9.doubanio.com/view/photo/s_ratio_poster/public/p1283675359.jpg,跨度十五年的欢乐与泪水。,138,8.8
558036,导演: 乔·怀特 Joe Wright 主演: 凯拉·奈特莉 Keira Knightley / 马修·...2005 / 法国 英国 美国 / 剧情 爱情,1418200,傲慢与偏见,https://img9.doubanio.com/view/photo/s_ratio_poster/public/p2016401659.jpg,爱是摈弃傲慢与偏见之后的曙光。,139,8.6
586596,导演: 梅尔·吉布森 Mel Gibson 主演: 安德鲁·加菲尔德 Andrew Garfield /...2016 / 美国 澳大利亚 / 剧情 传记 历史 战争,26325320,血战钢锯岭,https://img9.doubanio.com/view/photo/s_ratio_poster/public/p2398141939.jpg,优秀的战争片不会美化战场，不会粉饰死亡，不会矮化敌人，不会无视常识，最重要的，不会宣扬战争。,140,8.7
152407,导演: 王树忱 Shuchen Wang / 钱运达 Yunda Qian 主演: 丁建华 Jianhua Din...1983(中国大陆) / 中国大陆 / 动画 奇幻,1428581,天书奇谭,https://img9.doubanio.com/view/photo/s_ratio_poster/public/p2515539487.jpg,传奇的年代，醉人的童话。,141,9.2
284399,导演: 宫崎骏 Hayao Miyazaki 主演: 岛本须美 Sumi Shimamoto / 松田洋治 Y...1984 / 日本 / 动画 奇幻 冒险,1291585,风之谷,https://img9.doubanio.com/view/photo/s_ratio_poster/public/p1917567652.jpg,动画片的圣经。,142,8.9
251829,导演: 弗朗西斯·福特·科波拉 Francis Ford Coppola 主演: 阿尔·帕西诺 A...1990 / 美国 / 剧情 犯罪,1294240,教父3,https://img9.doubanio.com/view/photo/s_ratio_poster/public/p2169664351.jpg,任何信念的力量，都无法改变命运。,143,8.9
401992,导演: 理查德·柯蒂斯 Richard Curtis 主演: 多姆纳尔·格里森 Domhnall Gl...2013 / 英国 / 喜剧 爱情 奇幻,10577869,时空恋旅人,https://img9.doubanio.com/view/photo/s_ratio_poster/public/p2070153774.jpg,把每天当作最后一天般珍惜度过，积极拥抱生活，就是幸福。,144,8.7
233297,导演: 费尔南多·梅里尔斯 Fernando Meirelles / 卡迪亚·兰德 Kátia Lund &nbsp...2002 / 巴西 法国 / 犯罪 剧情,1292208,上帝之城,https://img9.doubanio.com/view/photo/s_ratio_poster/public/p455677490.jpg,被上帝抛弃了的上帝之城。,145,8.9
365212,导演: 詹姆斯·温 James Wan 主演: 雷·沃纳尔 Leigh Whannell / 加利·艾...2004 / 美国 / 悬疑 惊悚 恐怖,1417598,电锯惊魂,https://img9.doubanio.com/view/photo/s_ratio_poster/public/p1421159978.jpg,真相就在眼前。,146,8.7
244265,导演: 李安 Ang Lee 主演: 赵文瑄 Winston Chao / 郎雄 Sihung Lung / 归亚...1993 / 中国台湾 美国 / 剧情 喜剧 爱情 同性 家庭,1303037,喜宴,https://img9.doubanio.com/view/photo/s_ratio_poster/public/p2173713676.jpg,中国家庭的喜怒哀乐忍。,147,8.9
444598,导演: 昆汀·塔伦蒂诺 Quentin Tarantino 主演: 杰米·福克斯 Jamie Foxx /...2012 / 美国 / 剧情 动作 西部 冒险,6307447,被解救的姜戈,https://img9.doubanio.com/view/photo/s_ratio_poster/public/p1959232369.jpg,热血沸腾，那个低俗、性感的无耻混蛋又来了。,148,8.7
179194,导演: 严定宪 Dingxian Yan / 王树忱 Shuchen Wang 主演: 梁正晖 Zhenghui ...1979 / 中国大陆 / 冒险 动画 奇幻,1307315,哪吒闹海,https://img9.doubanio.com/view/photo/s_ratio_poster/public/p2516566783.jpg,想你时你在闹海。,149,9.1
136913,导演: 黑泽明 Akira Kurosawa 主演: 三船敏郎 Toshirô Mifune / 志村乔 ...1954 / 日本 / 动作 冒险 剧情,1295399,七武士,https://img9.doubanio.com/view/photo/s_ratio_poster/public/p2215886505.jpg,时代悲歌。,150,9.2
366739,导演: 吴宇森 John Woo 主演: 周润发 Yun-Fat Chow / 狄龙 Lung Ti / 张国...1986 / 中国香港 / 剧情 动作 犯罪,1297574,英雄本色,https://img9.doubanio.com/view/photo/s_ratio_poster/public/p2504997087.jpg,英雄泪短，兄弟情长。 ,151,8.7
313369,导演: 保罗·格林格拉斯 Paul Greengrass 主演: 马特·达蒙 Matt Damon / ...2007 / 美国 德国 / 动作 悬疑 惊悚,1578507,谍影重重3,https://img9.doubanio.com/view/photo/s_ratio_poster/public/p792223507.jpg,像吃了苏打饼一样干脆的电影。,152,8.8
826133,导演: 延尚昊 Sang-ho Yeon 主演: 孔侑 Yoo Gong / 郑有美 Yu-mi Jung / 马...2016 / 韩国 / 动作 惊悚 灾难,25986180,釜山行,https://img9.doubanio.com/view/photo/s_ratio_poster/public/p2360940399.jpg,揭露人性的丧尸题材力作。,153,8.5
220542,导演: 杰茜·尼尔森 Jessie Nelson 主演: Sean Penn / Dakota Fanning / Mi...2001 / 美国 / 剧情 家庭,1306861,我是山姆,https://img9.doubanio.com/view/photo/s_ratio_poster/public/p652417775.jpg,爱并不需要智商 。,154,8.9
464448,导演: 罗启锐 Alex Law 主演: 吴君如 Sandra Ng / 任达华 Simon Yam / 钟绍...2010 / 中国香港 中国大陆 / 剧情 家庭,3792799,岁月神偷,https://img9.doubanio.com/view/photo/s_ratio_poster/public/p659427316.jpg,岁月流逝，来日可追。,155,8.7
1030582,导演: 史蒂文·斯皮尔伯格 Steven Spielberg 主演: 泰伊·谢里丹 Tye Sheri...2018 / 美国 / 动作 科幻 冒险,4920389,头号玩家,https://img9.doubanio.com/view/photo/s_ratio_poster/public/p2516578307.jpg,写给影迷，动漫迷和游戏迷的一封情书。,156,8.7
407297,导演: Alfonso Cuarón 主演: 丹尼尔·雷德克里夫 Daniel Radcliffe / Emma...2004 / 英国 美国 / 奇幻 冒险,1291544,哈利·波特与阿兹卡班的囚徒,https://img9.doubanio.com/view/photo/s_ratio_poster/public/p1910812549.jpg,不一样的导演，不一样的哈利·波特。,157,8.7
295759,导演: 吴宇森 John Woo 主演: 周润发 Yun-Fat Chow / 张国荣 Leslie Cheung...1991 / 中国香港 / 剧情 喜剧 动作 犯罪,1295409,纵横四海,https://img9.doubanio.com/view/photo/s_ratio_poster/public/p2597918718.jpg,香港浪漫主义警匪动作片的巅峰之作。,158,8.8
629365,导演: 科克·德·米科 Kirk De Micco / 克里斯·桑德斯 Chris Sanders 主演...2013 / 美国 / 喜剧 动画 冒险,1907966,疯狂原始人,https://img9.doubanio.com/view/photo/s_ratio_poster/public/p1867084027.jpg,老少皆宜，这就是好莱坞动画的魅力。,159,8.7
614566,导演: 马丁·麦克唐纳 Martin McDonagh 主演: 弗兰西斯·麦克多蒙德 France...2017 / 美国 英国 / 剧情 犯罪,26611804,三块广告牌,https://img9.doubanio.com/view/photo/s_ratio_poster/public/p2510081688.jpg,怼天怼地，你走后，她与世界为敌。,160,8.7
357986,导演: 忻钰坤 Yukun Xin 主演: 霍卫民 Weimin Huo / 王笑天 Xiaotian Wang ...2014 / 中国大陆 / 剧情 犯罪 悬疑,25917973,心迷宫,https://img9.doubanio.com/view/photo/s_ratio_poster/public/p2276780256.jpg,荒诞讽刺，千奇百巧，抽丝剥茧，百转千回。,161,8.7
328943,导演: 让-马克·瓦雷 Jean-Marc Vallée 主演: 马修·麦康纳 Matthew McCon...2013 / 美国 / 剧情 传记 同性,1793929,达拉斯买家俱乐部,https://img9.doubanio.com/view/photo/s_ratio_poster/public/p2166160837.jpg,Jared Leto的腿比女人还美！,162,8.8
278096,导演: 汉内斯·赫尔姆 Hannes Holm 主演: 罗夫·拉斯加德 Rolf Lassgård...2015 / 瑞典 / 剧情,26628357,一个叫欧维的男人决定去死,https://img9.doubanio.com/view/photo/s_ratio_poster/public/p2406624993.jpg,惠及一生的美丽。,163,8.8
324965,导演: 高畑勋 Isao Takahata 主演: 辰己努 / 白石绫乃 / 志乃原良子1988 / 日本 / 动画 剧情 战争,1293318,萤火虫之墓,https://img9.doubanio.com/view/photo/s_ratio_poster/public/p1157334208.jpg,幸福是生生不息，却难以触及的远。 ,164,8.7
215582,导演: 特瑞·乔治 Terry George 主演: 唐·钱德尔 Don Cheadle / 苏菲·奥...2004 / 英国 南非 意大利 / 剧情 传记 历史 战争,1291822,卢旺达饭店,https://img9.doubanio.com/view/photo/s_ratio_poster/public/p470419493.jpg,当这个世界闭上双眼，他却敞开了怀抱。,165,8.9
305406,导演: 达米安·斯兹弗隆 Damián Szifron 主演: 达里奥·葛兰帝内提 Darío...2014 / 阿根廷 西班牙 / 剧情 喜剧 犯罪,24750126,荒蛮故事,https://img9.doubanio.com/view/photo/s_ratio_poster/public/p2584519452.jpg,始于荒诞，止于更荒诞。,166,8.8
530741,导演: 理查德·柯蒂斯 Richard Curtis 主演: 休·格兰特 Hugh Grant / 柯林...2003 / 英国 美国 法国 / 喜剧 剧情 爱情,1292401,真爱至上,https://img9.doubanio.com/view/photo/s_ratio_poster/public/p475600770.jpg,爱，是个动词。,167,8.6
1004528,导演: 新海诚 Makoto Shinkai 主演: 神木隆之介 Ryûnosuke Kamiki / 上...2016 / 日本 / 剧情 爱情 动画,26683290,你的名字。,https://img9.doubanio.com/view/photo/s_ratio_poster/public/p2395733377.jpg,穿越错位的时空，仰望陨落的星辰，你没留下你的名字，我却无法忘记那句“我爱你”。,168,8.4
579415,导演: 丹尼·鲍尔 Danny Boyle / 洛芙琳·坦丹 Loveleen Tandan 主演: 戴夫...2008 / 英国 / 剧情 爱情,2209573,贫民窟的百万富翁,https://img9.doubanio.com/view/photo/s_ratio_poster/public/p2434249040.jpg,上帝之城+猜火车+阿甘正传+开心辞典=山寨富翁,169,8.6
416041,导演: 王家卫 Kar Wai Wong 主演: 梁朝伟 Tony Leung Chiu Wai / 张曼玉 Ma...2000 / 中国香港 / 剧情 爱情,1291557,花样年华,https://img9.doubanio.com/view/photo/s_ratio_poster/public/p1910828286.jpg,偷情本没有这样美。,170,8.7
441781,导演: 王家卫 Kar Wai Wong 主演: 张国荣 Leslie Cheung / 林青霞 Brigitte...1994 / 中国香港 中国台湾 / 剧情 动作 爱情 武侠 古装,1292328,东邪西毒,https://img9.doubanio.com/view/photo/s_ratio_poster/public/p1982176012.jpg,电影诗。,171,8.6
447560,导演: 克里斯托弗·诺兰 Christopher Nolan 主演: 盖·皮尔斯 Guy Pearce /...2000 / 美国 / 犯罪 剧情 悬疑 惊悚,1304447,记忆碎片,https://img9.doubanio.com/view/photo/s_ratio_poster/public/p641688453.jpg,一个针管引发的血案。,172,8.6
406139,导演: 达米恩·查泽雷 Damien Chazelle 主演: 迈尔斯·特勒 Miles Teller /...2014 / 美国 / 剧情 音乐,25773932,爆裂鼓手,https://img9.doubanio.com/view/photo/s_ratio_poster/public/p2220776342.jpg,这个世界从不善待努力的人，努力了也不一定会成功，但是知道自己在努力，就是活下去的动力。,173,8.7
640701,导演: 达伦·阿罗诺夫斯基 Darren Aronofsky 主演: 娜塔莉·波特曼 Natalie...2010 / 美国 / 剧情 惊悚,1978709,黑天鹅,https://img9.doubanio.com/view/photo/s_ratio_poster/public/p2549648344.jpg,黑暗之美。,174,8.6
426465,导演: Chris Columbus 主演: 丹尼尔·雷德克里夫 Daniel Radcliffe / 艾玛...2002 / 美国 英国 德国 / 奇幻 冒险,1296996,哈利·波特与密室,https://img9.doubanio.com/view/photo/s_ratio_poster/public/p1082651990.jpg,魔法的密室之门已打开...,175,8.6
135037,导演: Seijirô Kôyama 主演: 山本圭 Kei Yamamoto / 井川比佐志 Hisa...1987 / 日本 / 剧情,1959195,忠犬八公物语,https://img9.doubanio.com/view/photo/s_ratio_poster/public/p1576418852.jpg,养狗三日，便会对你终其一生。,176,9.2
304774,导演: Andy Wachowski / Larry Wachowski 主演: 基努·里维斯 Keanu Reeves...2003 / 美国 澳大利亚 / 动作 科幻,1302467,黑客帝国3：矩阵革命,https://img9.doubanio.com/view/photo/s_ratio_poster/public/p2220873438.jpg,不得不说，《黑客帝国》系列是商业片与科幻、哲学完美结合的典范。,177,8.8
441126,导演: 莫滕·泰杜姆 Morten Tyldum 主演: 本尼迪克特·康伯巴奇 Benedict C...2014 / 英国 美国 / 剧情 传记 战争 同性,10463953,模仿游戏,https://img9.doubanio.com/view/photo/s_ratio_poster/public/p2255040492.jpg,他给机器起名“克里斯托弗”，因为这是他初恋的名字。,178,8.7
425415,导演: 彼特·道格特 Pete Docter / 罗纳尔多·德尔·卡门 Ronaldo Del Carmen &nb...2015 / 美国 / 喜剧 动画 冒险,10533913,头脑特工队,https://img9.doubanio.com/view/photo/s_ratio_poster/public/p2266293606.jpg,愿我们都不用长大，每一座城堡都能永远存在。,179,8.7
241304,导演: 朴勋政 Hoon-jung Park 主演: 李政宰 Jung-Jae Lee / 崔岷植 Min-sik...2013 / 韩国 / 剧情 犯罪,10437779,新世界,https://img9.doubanio.com/view/photo/s_ratio_poster/public/p1903379979.jpg,要做就做得狠一点，这样才能活下去。,180,8.8
191919,导演: 今敏 Satoshi Kon 主演: 岩男润子 Junko Iwao / 松本梨香 Rica Matsu...1997 / 日本 / 动画 奇幻 惊悚,1395091,未麻的部屋,https://img9.doubanio.com/view/photo/s_ratio_poster/public/p1351050722.jpg,好的剧本是，就算你猜到了结局也猜不到全部。,181,8.9
251566,导演: 藤森雅也 Masaya Fujimori 主演: 山口胜平 Kappei Yamaguchi / 爱河...2010 / 日本 / 剧情 动画 儿童,4848115,你看起来好像很好吃,https://img9.doubanio.com/view/photo/s_ratio_poster/public/p709670262.jpg,感情不分食草或者食肉。,182,8.9
312703,导演: 巴瑞·莱文森 Barry Levinson 主演: 达斯汀·霍夫曼 Dustin Hoffman ...1988 / 美国 / 剧情,1291870,雨人,https://img9.doubanio.com/view/photo/s_ratio_poster/public/p2353324612.jpg,生活在自己的世界里，也可以让周围的人显得可笑和渺小。,183,8.7
388438,导演: 瑞奇·莫尔 Rich Moore 主演: 约翰·C·赖利 John C. Reilly / 萨拉...2012 / 美国 / 喜剧 动画 奇幻 冒险,6534248,无敌破坏王,https://img9.doubanio.com/view/photo/s_ratio_poster/public/p1735642656.jpg,迪士尼和皮克斯拿错剧本的产物。,184,8.7
289306,导演: 是枝裕和 Hirokazu Koreeda 主演: 绫濑遥 Haruka Ayase / 长泽雅美 M...2015 / 日本 / 剧情 家庭,25895901,海街日记,https://img9.doubanio.com/view/photo/s_ratio_poster/public/p2242546753.jpg,是枝裕和的家庭习作。,185,8.8
464811,导演: 卡洛斯·沙尔丹哈 Carlos Saldanha / 克里斯·韦奇 Chris Wedge 主演...2002 / 美国 / 喜剧 动画 冒险,1291578,冰川时代,https://img9.doubanio.com/view/photo/s_ratio_poster/public/p1910895719.jpg,松鼠才是角儿。,186,8.6
484218,导演: 尼克·卡索维茨 Nick Cassavetes 主演: 瑞恩·高斯林 Ryan Gosling /...2004 / 美国 / 剧情 爱情,1309163,恋恋笔记本,https://img9.doubanio.com/view/photo/s_ratio_poster/public/p483604864.jpg,爱情没有那么多借口，如果不能圆满，只能说明爱的不够。 ,187,8.5
170519,导演: 阿尔弗雷德·希区柯克 Alfred Hitchcock 主演: 安东尼·博金斯 Antho...1960 / 美国 / 悬疑 惊悚 恐怖,1293181,惊魂记,https://img9.doubanio.com/view/photo/s_ratio_poster/public/p1021883305.jpg,故事的反转与反转，分裂电影的始祖。,188,9.0
358936,导演: 肯尼斯·罗纳根 Kenneth Lonergan 主演: 卡西·阿弗莱克 Casey Affle...2016 / 美国 / 剧情 家庭,25980443,海边的曼彻斯特,https://img9.doubanio.com/view/photo/s_ratio_poster/public/p2421855655.jpg,我们都有权利不与自己的过去和解。,189,8.6
217371,导演: 郭柯 Ke Guo 主演:2015 / 中国大陆 / 纪录片,26430107,二十二,https://img9.doubanio.com/view/photo/s_ratio_poster/public/p2457609817.jpg,有一些东西不应该被遗忘。,190,8.7
292302,导演: 伦尼·阿伯拉罕森 Lenny Abrahamson 主演: 布丽·拉尔森 Brie Larson...2015 / 爱尔兰 加拿大 英国 美国 / 剧情 家庭,25724855,房间,https://img9.doubanio.com/view/photo/s_ratio_poster/public/p2259715855.jpg,被偷走的岁月，被伤害的生命，被禁锢的灵魂，终将被希望和善意救赎。,191,8.8
577596,导演: 克里斯托弗·史密斯 Christopher Smith 主演: 梅利莎·乔治 Melissa ...2009 / 英国 澳大利亚 / 剧情 悬疑 惊悚,3011051,恐怖游轮,https://img9.doubanio.com/view/photo/s_ratio_poster/public/p462470694.jpg,不要企图在重复中寻找已经失去的爱。,192,8.5
173127,导演: 杰拉尔·乌里 Gérard Oury 主演: 路易·德·菲耐斯 Louis de Funès...1966 / 法国 英国 / 喜剧 战争,1296909,虎口脱险,https://img9.doubanio.com/view/photo/s_ratio_poster/public/p2399597512.jpg,永远看不腻的喜剧。,193,8.9
422782,导演: 斯蒂芬·卓博斯基 Stephen Chbosky 主演: 雅各布·特伦布莱 Jacob Tr...2017 / 美国 中国香港 / 剧情 儿童 家庭,26787574,奇迹男孩,https://img9.doubanio.com/view/photo/s_ratio_poster/public/p2507709428.jpg,世界不完美，爱会有奇迹。,194,8.6
341019,导演: 宫崎骏 Hayao Miyazaki 主演: 高山南 Minami Takayama / 佐久间玲 Re...1989 / 日本 / 动画 奇幻 冒险,1307811,魔女宅急便,https://img9.doubanio.com/view/photo/s_ratio_poster/public/p456676352.jpg,宫崎骏的电影总让人感觉世界是美好的，阳光明媚的。,195,8.6
151209,导演: 斯坦利·多南 Stanley Donen / 吉恩·凯利 Gene Kelly 主演: 吉恩·...1952 / 美国 / 喜剧 歌舞 爱情,1293460,雨中曲,https://img9.doubanio.com/view/photo/s_ratio_poster/public/p1612355875.jpg,骨灰级歌舞片。,196,9.0
584594,导演: 宁浩 Hao Ning 主演: 郭涛 Tao Guo / 刘桦 Hua Liu / 连晋 Teddy Lin2006 / 中国大陆 中国香港 / 喜剧 犯罪,1862151,疯狂的石头,https://img9.doubanio.com/view/photo/s_ratio_poster/public/p712241453.jpg,中国版《两杆大烟枪》。,197,8.5
204659,导演: Frank Darabont 主演: 汤姆·汉克斯 Tom Hanks / 大卫·摩斯 David M...1999 / 美国 / 犯罪 剧情 奇幻 悬疑,1300374,绿里奇迹,https://img9.doubanio.com/view/photo/s_ratio_poster/public/p767586451.jpg,天使暂时离开。,198,8.8
321381,导演: 史蒂文·斯皮尔伯格 Steven Spielberg 主演: 海利·乔·奥斯蒙 Haley...2001 / 美国 / 剧情 科幻,1302827,人工智能,https://img9.doubanio.com/view/photo/s_ratio_poster/public/p792257137.jpg,对爱的执着，可以超越一切。,199,8.6
597596,导演: 是枝裕和 Hirokazu Koreeda 主演: 中川雅也 Lily Franky / 安藤樱 Sa...2018 / 日本 / 剧情 犯罪 家庭,27622447,小偷家族,https://img9.doubanio.com/view/photo/s_ratio_poster/public/p2530599636.jpg,我们组成了家。,200,8.7
236894,导演: 理查德·林克莱特 Richard Linklater 主演: 伊桑·霍克 Ethan Hawke ...2013 / 美国 希腊 / 剧情 爱情,10808442,爱在午夜降临前,https://img9.doubanio.com/view/photo/s_ratio_poster/public/p2074715729.jpg,所谓爱情，就是话唠一路，都不会心生腻烦，彼此嫌弃。,201,8.8
223076,导演: 黑泽明 Akira Kurosawa 主演: 三船敏郎 Toshirô Mifune / 京町子 ...1950 / 日本 / 剧情 犯罪 悬疑,1291879,罗生门,https://img9.doubanio.com/view/photo/s_ratio_poster/public/p2564689879.jpg,人生的N种可能性。,202,8.8
257249,导演: 詹姆斯·卡梅隆 James Cameron 主演: 阿诺·施瓦辛格 Arnold Schwarz...1991 / 美国 法国 / 动作 科幻,1291844,终结者2：审判日,https://img9.doubanio.com/view/photo/s_ratio_poster/public/p1910909085.jpg,少见的超越首部的续集，动作片中的经典。,203,8.7
773310,导演: 普特鹏·普罗萨卡·那·萨克那卡林 Puttipong Promsaka Na Sakolnakorn / 华森·波克彭...2010 / 泰国 / 剧情 喜剧 爱情,4739952,初恋这件小事,https://img9.doubanio.com/view/photo/s_ratio_poster/public/p767451487.jpg,黑小鸭速效美白记。,204,8.4
131522,导演: 雅克·贝汉 Jacques Perrin / 雅克·克鲁奥德 Jacques Cluzaud 主演:...2009 / 法国 瑞士 西班牙 美国 阿联酋 / 纪录片,3443389,海洋,https://img9.doubanio.com/view/photo/s_ratio_poster/public/p2173334947.jpg,大海啊，不全是水。,205,9.1
203506,导演: 茂文·勒鲁瓦 Mervyn LeRoy 主演: 费雯·丽 Vivien Leigh / 罗伯特·...1940 / 美国 / 剧情 爱情 战争,1293964,魂断蓝桥,https://img9.doubanio.com/view/photo/s_ratio_poster/public/p2351134499.jpg,中国式内在的美国电影。,206,8.8
213025,导演: 陆川 Chuan Lu 主演: 多布杰 Duobujie / 张磊 Lei Zhang / 亓亮 Qi L...2004 / 中国大陆 中国香港 / 剧情 犯罪,1308857,可可西里,https://img9.doubanio.com/view/photo/s_ratio_poster/public/p2414771522.jpg,坚硬的信仰。,207,8.8
205403,导演: 斯坦利·库布里克 Stanley Kubrick 主演: 凯尔·杜拉 Keir Dullea / ...1968 / 英国 美国 / 科幻 惊悚 冒险,1292226,2001太空漫游,https://img9.doubanio.com/view/photo/s_ratio_poster/public/p2560717825.jpg,现代科幻电影的开山之作，最伟大导演的最伟大影片。,208,8.8
217441,导演: 爱德华·兹威克 Edward Zwick 主演: 布拉德·皮特 Brad Pitt / 安东...1994 / 美国 / 剧情 爱情 战争 西部,1295865,燃情岁月,https://img9.doubanio.com/view/photo/s_ratio_poster/public/p1023654037.jpg,传奇，不是每个人都可以拥有。,209,8.8
91713,导演: Charles Chaplin 主演: 查理·卓别林 Charles Chaplin / 弗吉尼亚·...1931 / 美国 / 喜剧 剧情 爱情,1293908,城市之光,https://img9.doubanio.com/view/photo/s_ratio_poster/public/p2170238828.jpg,永远的小人物，伟大的卓别林。,210,9.3
299812,导演: 细田守 Mamoru Hosoda 主演: 仲里依纱 Riisa Naka / 石田卓也 Takuya...2006 / 日本 / 剧情 爱情 科幻 动画,1937946,穿越时空的少女,https://img9.doubanio.com/view/photo/s_ratio_poster/public/p2079334286.jpg,爱上未来的你。 ,211,8.6
187779,导演: 杨德昌 Edward Yang 主演: 张震 Chen Chang / 杨静怡 Lisa Yang / 张...1991 / 中国台湾 / 剧情 犯罪,1292329,牯岭街少年杀人事件,https://img9.doubanio.com/view/photo/s_ratio_poster/public/p848381236.jpg,弱者送给弱者的一刀。,212,8.8
323335,导演: 李惠民 Raymond Lee 主演: 张曼玉 Maggie Cheung / 林青霞 Brigitte ...1992 / 中国香港 中国大陆 / 动作 爱情 武侠 古装,1292287,新龙门客栈,https://img9.doubanio.com/view/photo/s_ratio_poster/public/p1421018669.jpg,嬉笑怒骂，调风动月。,213,8.6
495110,导演: 李安 Ang Lee 主演: 梁朝伟 Tony Leung Chiu Wai / 汤唯 Wei Tang / ...2007 / 中国台湾 中国大陆 美国 中国香港 / 剧情 爱情 情色,1828115,色，戒,https://img9.doubanio.com/view/photo/s_ratio_poster/public/p453716305.jpg,假戏真情，爱欲深海,214,8.5
357741,导演: Quentin Tarantino 主演: 布拉德·皮特 Brad Pitt / 梅拉尼·罗兰 M...2009 / 德国 美国 / 剧情 犯罪,1438652,无耻混蛋,https://img9.doubanio.com/view/photo/s_ratio_poster/public/p2575043939.jpg,昆汀同学越来越变态了，比北野武还杜琪峰。,215,8.6
375856,导演: 徐克 Hark Tsui 主演: 张曼玉 Maggie Cheung / 王祖贤 Joey Wang / ...1993 / 中国香港 中国大陆 / 剧情 爱情 奇幻 古装,1303394,青蛇,https://img9.doubanio.com/view/photo/s_ratio_poster/public/p584021784.jpg,人生如此，浮生如斯。谁人言，花彼岸，此生情长意短。谁都是不懂爱的罢了。,216,8.5
613625,导演: 邓肯·琼斯 Duncan Jones 主演: 杰克·吉伦哈尔 Jake Gyllenhaal / ...2011 / 美国 加拿大 / 科幻 悬疑 惊悚,3075287,源代码,https://img9.doubanio.com/view/photo/s_ratio_poster/public/p988260245.jpg,邓肯·琼斯继《月球》之后再度奉献出一部精彩绝伦的科幻佳作。,217,8.4
408039,导演: 保罗·格诺维瑟 Paolo Genovese 主演: 马可·贾利尼 Marco Giallini ...2016 / 意大利 / 剧情 喜剧,26614893,完美陌生人,https://img9.doubanio.com/view/photo/s_ratio_poster/public/p2522331945.jpg,来啊，互相伤害啊！,218,8.5
365714,导演: 王家卫 Kar Wai Wong 主演: 张国荣 Leslie Cheung / 张曼玉 Maggie C...1990 / 中国香港 / 犯罪 剧情 爱情,1305690,阿飞正传,https://img9.doubanio.com/view/photo/s_ratio_poster/public/p2525770523.jpg,王家卫是一种风格，张国荣是一个代表。,219,8.5
273675,导演: 罗伯·莱纳 Rob Reiner 主演: 杰克·尼科尔森 Jack Nicholson / 摩根...2007 / 美国 / 冒险 喜剧 剧情,1867345,遗愿清单,https://img9.doubanio.com/view/photo/s_ratio_poster/public/p1208653481.jpg,用剩余不多的时间，去燃烧整个生命。,220,8.6
264281,导演: 保罗·格林格拉斯 Paul Greengrass 主演: 马特·达蒙 Matt Damon / ...2004 / 美国 德国 / 动作 悬疑 惊悚,1308767,谍影重重2,https://img9.doubanio.com/view/photo/s_ratio_poster/public/p667644866.jpg,谁说王家卫镜头很晃？,221,8.7
260027,导演: 爱德华·兹威克 Edward Zwick 主演: 莱昂纳多·迪卡普里奥 Leonardo ...2006 / 美国 德国 / 剧情 惊悚 冒险,1428175,血钻,https://img9.doubanio.com/view/photo/s_ratio_poster/public/p1244017073.jpg,每个美丽事物背后都是滴血的现实。,222,8.7
426124,导演: 汤姆·提克威 Tom Tykwer 主演: 本·卫肖 Ben Whishaw / 艾伦·瑞克...2006 / 德国 法国 西班牙 美国 / 剧情 犯罪 奇幻,1760622,香水,https://img9.doubanio.com/view/photo/s_ratio_poster/public/p2441127736.jpg,一个单凭体香达到高潮的男人。,223,8.5
281051,导演: 黄信尧 Hsin-yao Huang 主演: 庄益增 Yizeng Zhuang / 陈竹昇 Chu-sh...2017 / 中国台湾 / 剧情 喜剧,27059130,大佛普拉斯,https://img9.doubanio.com/view/photo/s_ratio_poster/public/p2505928032.jpg,人们可以登上月球，却永远无法探索人们内心的宇宙。,224,8.7
152892,导演: 阿米尔·汗 Aamir Khan 主演: 达席尔·萨法瑞 Darsheel Safary / 阿...2007 / 印度 / 剧情 儿童 家庭,2363506,地球上的星星,https://img9.doubanio.com/view/photo/s_ratio_poster/public/p1973489335.jpg,天使保护事件始末。,225,8.9
264906,导演: 安德鲁·尼科尔 Andrew Niccol 主演: 尼古拉斯·凯奇 Nicolas Cage /...2005 / 美国 法国 / 剧情 犯罪,1419936,战争之王,https://img9.doubanio.com/view/photo/s_ratio_poster/public/p792282381.jpg,做一颗让别人需要你的棋子。,226,8.6
315722,导演: 道格·里曼 Doug Liman 主演: 马特·达蒙 Matt Damon / 弗兰卡·波坦...2002 / 美国 德国 捷克 / 动作 悬疑 惊悚,1304102,谍影重重,https://img9.doubanio.com/view/photo/s_ratio_poster/public/p1597183981.jpg,哗啦啦啦啦，天在下雨，哗啦啦啦啦，云在哭泣……找自己。,227,8.6
375534,导演: 乔治·米勒 George Miller 主演: 汤姆·哈迪 Tom Hardy / 查理兹·塞...2015 / 澳大利亚 美国 / 动作 科幻 冒险,3592854,疯狂的麦克斯4：狂暴之路,https://img9.doubanio.com/view/photo/s_ratio_poster/public/p2236181653.jpg,“多么美好的一天！”轰轰轰砰咚，啪哒哒哒轰隆隆，磅~,228,8.6
186114,导演: 是枝裕和 Hirokazu Koreeda 主演: 阿部宽 Hiroshi Abe / 夏川结衣 Yu...2008 / 日本 / 剧情 家庭,2222996,步履不停,https://img9.doubanio.com/view/photo/s_ratio_poster/public/p926535516.jpg,日本的家庭电影已经是世界巅峰了，步履不停是巅峰中的佳作。,229,8.8
369124,导演: 詹姆斯·沃德·布柯特 James Ward Byrkit 主演: 艾米丽·芭尔多尼 Em...2013 / 美国 英国 / 科幻 悬疑 惊悚,25807345,彗星来的那一夜,https://img9.doubanio.com/view/photo/s_ratio_poster/public/p2187896734.jpg,小成本大魅力。,230,8.5
397315,导演: 王晶 Jing Wong 主演: 周星驰 Stephen Chow / 吴孟达 Man Tat Ng / ...1994 / 中国香港 / 剧情 喜剧 古装,1297518,九品芝麻官,https://img9.doubanio.com/view/photo/s_ratio_poster/public/p648370300.jpg,,231,8.5
342087,导演: 丹尼·博伊尔 Danny Boyle 主演: 伊万·麦克格雷格 Ewan McGregor / ...1996 / 英国 / 剧情 犯罪,1292528,猜火车,https://img9.doubanio.com/view/photo/s_ratio_poster/public/p513567548.jpg,不可猜的青春迷笛。 ,232,8.5
373392,导演: 史蒂芬·戴德利 Stephen Daldry 主演: 凯特·温丝莱特 Kate Winslet ...2008 / 美国 德国 / 剧情 爱情,2213597,朗读者,https://img9.doubanio.com/view/photo/s_ratio_poster/public/p1140984198.jpg,当爱情跨越年龄的界限，它似乎能变得更久远一点，成为一种责任，一种水到渠成的相濡以沫。 ,233,8.6
362676,导演: Mike Newell 主演: Daniel Radcliffe / Emma Watson / Rupert Grint2005 / 英国 美国 / 奇幻 冒险,1309055,哈利·波特与火焰杯,https://img9.doubanio.com/view/photo/s_ratio_poster/public/p2220723219.jpg,,234,8.5
206596,导演: 丹尼斯·甘塞尔 Dennis Gansel 主演: 尤尔根·沃格尔 Jürgen Vogel ...2008 / 德国 / 剧情 惊悚,2297265,浪潮,https://img9.doubanio.com/view/photo/s_ratio_poster/public/p1344888983.jpg,世界离独裁只有五天。,235,8.7
362690,导演: 卡比尔·汗 Kabir Khan 主演: 萨尔曼·汗 Salman Khan / 哈莎莉·马...2015 / 印度 / 剧情 喜剧 动作,26393561,小萝莉的猴神大叔,https://img9.doubanio.com/view/photo/s_ratio_poster/public/p2510956726.jpg,宝莱坞的萝莉与大叔。,236,8.4
309513,导演: 约翰·卡尼 John Carney 主演: 凯拉·奈特莉 Keira Knightley / 马克...2013 / 美国 / 喜剧 爱情 音乐,6874403,再次出发之纽约遇见你,https://img9.doubanio.com/view/photo/s_ratio_poster/public/p2250287733.jpg,爱我就给我看你的播放列表。,237,8.6
93316,导演: 小津安二郎 Yasujirô Ozu 主演: 笠智众 Chishû Ryû / 原节...1953 / 日本 / 剧情 家庭,1291568,东京物语,https://img9.doubanio.com/view/photo/s_ratio_poster/public/p1925331564.jpg,东京那么大，如果有一天走失了，恐怕一辈子不能再相见。,238,9.2
675109,导演: 周申 Shen Zhou / 刘露 Lu Liu 主演: 任素汐 Suxi Ren / 大力 Da Li ...2016 / 中国大陆 / 剧情 喜剧,25921812,驴得水,https://img9.doubanio.com/view/photo/s_ratio_poster/public/p2393044761.jpg,过去的如果就让它过去了，未来只会越来越糟！,239,8.3
212032,导演: 托马斯·麦卡锡 Thomas McCarthy 主演: 马克·鲁弗洛 Mark Ruffalo /...2015 / 美国 / 剧情 传记,25954475,聚焦,https://img9.doubanio.com/view/photo/s_ratio_poster/public/p2263822658.jpg,新闻人的理性求真。,240,8.8
418283,导演: 布莱恩·辛格 Bryan Singer 主演: 拉米·马雷克 Rami Malek / 本·哈...2018 / 英国 美国 / 剧情 传记 同性 音乐,5300054,波西米亚狂想曲,https://img9.doubanio.com/view/photo/s_ratio_poster/public/p2549558913.jpg,,241,8.7
134394,导演: 克里斯托弗·诺兰 Christopher Nolan 主演: 杰里米·西奥伯德 Jeremy...1998 / 英国 / 犯罪 悬疑 惊悚,1397546,追随,https://img9.doubanio.com/view/photo/s_ratio_poster/public/p2561545031.jpg,诺兰的牛逼来源于内心散发出的恐惧。,242,8.9
178988,导演: 安德鲁·尼科尔 Andrew Niccol 主演: 伊桑·霍克 Ethan Hawke / 乌玛...1997 / 美国 / 剧情 科幻 惊悚,1300117,千钧一发,https://img9.doubanio.com/view/photo/s_ratio_poster/public/p2195672555.jpg,一部能引人思考的科幻励志片。,243,8.8
112857,导演: 秋昌民 Chang-min Choo 主演: 宋在河 Jae-ho Song / 李顺载 Soon-jae...2011 / 韩国 / 剧情 爱情,5908478,我爱你,https://img9.doubanio.com/view/photo/s_ratio_poster/public/p1075591188.jpg,你要相信，这世上真的有爱存在，不管在什么年纪 ,244,9.0
199086,导演: 阿斯哈·法哈蒂 Asghar Farhadi 主演: 佩曼·莫阿迪 Peyman Moadi /...2011 / 伊朗 法国 / 剧情 家庭,5964718,一次别离,https://img9.doubanio.com/view/photo/s_ratio_poster/public/p2189835254.jpg,只有有信仰的人才能说出事实真相。,245,8.7
213672,导演: 雷德利·斯科特 Ridley Scott 主演: 乔什·哈奈特 Josh Hartnett / ...2001 / 美国 / 动作 历史 战争,1291824,黑鹰坠落,https://img9.doubanio.com/view/photo/s_ratio_poster/public/p1910900710.jpg,还原真实而残酷的战争。,246,8.7
121113,导演: 陆庆屹 Lu Qing Yi 主演: 陆运坤 Yunkun Lu / 李桂贤 Guixian Li / ...2017 / 中国大陆 / 纪录片 家庭,27191492,四个春天,https://img9.doubanio.com/view/photo/s_ratio_poster/public/p2540578887.jpg,来也匆匆去也匆匆，就这样风雨兼程。,247,8.9
388867,导演: 阿尼什·查甘蒂 Aneesh Chaganty 主演: 约翰·赵 John Cho / 米切尔...2018 / 美国 俄罗斯 / 剧情 犯罪 悬疑 惊悚,27615441,网络谜踪,https://img9.doubanio.com/view/photo/s_ratio_poster/public/p2542848758.jpg,,248,8.6
262635,导演: Andy Wachowski / Larry Wachowski 主演: 基努·里维斯 Keanu Reeves...2003 / 美国 澳大利亚 / 动作 科幻,1304141,黑客帝国2：重装上阵,https://img9.doubanio.com/view/photo/s_ratio_poster/public/p443461390.jpg,一个精彩的世界观正在缓缓建立。,249,8.6
284218,导演: Stanley Kubrick 主演: Malcolm McDowell / Patrick Magee / Michael...1971 / 英国 美国 / 犯罪 剧情 科幻,1292233,发条橙,https://img9.doubanio.com/view/photo/s_ratio_poster/public/p529908155.jpg,我完全康复了。,250,8.6
comments_num,info,movie_id,name,poster_url,quote,ranking,rating
2083742,导演: 弗兰克·德拉邦特 Frank Darabont 主演: 蒂姆·罗宾斯 Tim Robbins /...1994 / 美国 / 犯罪 剧情,1292052,肖申克的救赎,https://img9.doubanio.com/view/photo/s_ratio_poster/public/p480747492.jpg,希望让人自由。,1,9.7
1545219,导演: 陈凯歌 Kaige Chen 主演: 张国荣 Leslie Cheung / 张丰毅 Fengyi Zha...1993 / 中国大陆 中国香港 / 剧情 爱情 同性,1291546,霸王别姬,https://img9.doubanio.com/view/photo/s_ratio_poster/public/p2561716440.jpg,风华绝代。,2,9.6
1573701,导演: 罗伯特·泽米吉斯 Robert Zemeckis 主演: 汤姆·汉克斯 Tom Hanks / ...1994 / 美国 / 剧情 爱情,1292720,阿甘正传,https://img9.doubanio.com/view/photo/s_ratio_poster/public/p2372307693.jpg,一部美国近现代史。,3,9.5
1764271,导演: 吕克·贝松 Luc Besson 主演: 让·雷诺 Jean Reno / 娜塔莉·波特曼 ...1994 / 法国 美国 / 剧情 动作 犯罪,1295644,这个杀手不太冷,https://img9.doubanio.com/view/photo/s_ratio_poster/public/p511118051.jpg,怪蜀黍和小萝莉不得不说的故事。,4,9.4
985676,导演: 罗伯托·贝尼尼 Roberto Benigni 主演: 罗伯托·贝尼尼 Roberto Beni...1997 / 意大利 / 剧情 喜剧 爱情 战争,1292063,美丽人生,https://img9.doubanio.com/view/photo/s_ratio_poster/public/p2578474613.jpg,最美的谎言。,5,9.5
1527066,导演: 詹姆斯·卡梅隆 James Cameron 主演: 莱昂纳多·迪卡普里奥 Leonardo...1997 / 美国 / 剧情 爱情 灾难,1292722,泰坦尼克号,https://img9.doubanio.com/view/photo/s_ratio_poster/public/p457760035.jpg,失去的才是永恒的。 ,6,9.4
1636384,导演: 宫崎骏 Hayao Miyazaki 主演: 柊瑠美 Rumi Hîragi / 入野自由 Miy...2001 / 日本 / 剧情 动画 奇幻,1291561,千与千寻,https://img9.doubanio.com/view/photo/s_ratio_poster/public/p2557573348.jpg,最好的宫崎骏，最好的久石让。 ,7,9.4
801652,导演: 史蒂文·斯皮尔伯格 Steven Spielberg 主演: 连姆·尼森 Liam Neeson...1993 / 美国 / 剧情 历史 战争,1295124,辛德勒的名单,https://img9.doubanio.com/view/photo/s_ratio_poster/public/p492406163.jpg,拯救一个人，就是拯救整个世界。,8,9.5
1502672,导演: 克里斯托弗·诺兰 Christopher Nolan 主演: 莱昂纳多·迪卡普里奥 Le...2010 / 美国 英国 / 剧情 科幻 悬疑 冒险,3541415,盗梦空间,https://img9.doubanio.com/view/photo/s_ratio_poster/public/p513344864.jpg,诺兰给了我们一场无法盗取的梦。,9,9.3
1045847,导演: 莱塞·霍尔斯道姆 Lasse Hallström 主演: 理查·基尔 Richard Ger...2009 / 美国 英国 / 剧情,3011091,忠犬八公的故事,https://img9.doubanio.com/view/photo/s_ratio_poster/public/p524964039.jpg,永远都不能忘记你所爱的人。,10,9.4
1253319,导演: 朱塞佩·托纳多雷 Giuseppe Tornatore 主演: 蒂姆·罗斯 Tim Roth / ...1998 / 意大利 / 剧情 音乐,1292001,海上钢琴师,https://img9.doubanio.com/view/photo/s_ratio_poster/public/p2574551676.jpg,每个人都要走一条自己坚定了的路，就算是粉身碎骨。 ,11,9.3
1125962,导演: 彼得·威尔 Peter Weir 主演: 金·凯瑞 Jim Carrey / 劳拉·琳妮 Lau...1998 / 美国 / 剧情 科幻,1292064,楚门的世界,https://img9.doubanio.com/view/photo/s_ratio_poster/public/p479682972.jpg,如果再也不能见到你，祝你早安，午安，晚安。,12,9.3
1394954,导演: 拉库马·希拉尼 Rajkumar Hirani 主演: 阿米尔·汗 Aamir Khan / 卡...2009 / 印度 / 剧情 喜剧 爱情 歌舞,3793023,三傻大闹宝莱坞,https://img9.doubanio.com/view/photo/s_ratio_poster/public/p579729551.jpg,英俊版憨豆，高情商版谢耳朵。,13,9.2
988598,导演: 安德鲁·斯坦顿 Andrew Stanton 主演: 本·贝尔特 Ben Burtt / 艾丽...2008 / 美国 / 科幻 动画 冒险,2131459,机器人总动员,https://img9.doubanio.com/view/photo/s_ratio_poster/public/p1461851991.jpg,小瓦力，大人生。,14,9.3
970482,导演: 克里斯托夫·巴拉蒂 Christophe Barratier 主演: 热拉尔·朱尼奥 Gé...2004 / 法国 瑞士 德国 / 剧情 音乐,1291549,放牛班的春天,https://img9.doubanio.com/view/photo/s_ratio_poster/public/p1910824951.jpg,天籁一般的童声，是最接近上帝的存在。 ,15,9.3
1126080,导演: 克里斯托弗·诺兰 Christopher Nolan 主演: 马修·麦康纳 Matthew Mc...2014 / 美国 英国 加拿大 冰岛 / 剧情 科幻 冒险,1889243,星际穿越,https://img9.doubanio.com/view/photo/s_ratio_poster/public/p2206088801.jpg,爱是一种力量，让我们超越时空感知它的存在。,16,9.3
1103479,导演: 刘镇伟 Jeffrey Lau 主演: 周星驰 Stephen Chow / 吴孟达 Man Tat Ng...1995 / 中国香港 中国大陆 / 喜剧 爱情 奇幻 古装,1292213,大话西游之大圣娶亲,https://img9.doubanio.com/view/photo/s_ratio_poster/public/p2455050536.jpg,一生所爱。,17,9.2
680503,导演: 黄东赫 Dong-hyuk Hwang 主演: 孔侑 Yoo Gong / 郑有美 Yu-mi Jung /...2011 / 韩国 / 剧情,5912992,熔炉,https://img9.doubanio.com/view/photo/s_ratio_poster/public/p1363250216.jpg,我们一路奋战不是为了改变世界，而是为了不让世界改变我们。,18,9.3
1321657,导演: 拜伦·霍华德 Byron Howard / 瑞奇·摩尔 Rich Moore 主演: 金妮弗·...2016 / 美国 / 喜剧 动画 冒险,25662329,疯狂动物城,https://img9.doubanio.com/view/photo/s_ratio_poster/public/p2614500649.jpg,迪士尼给我们营造的乌托邦就是这样，永远善良勇敢，永远出乎意料。,19,9.2
900852,导演: 刘伟强 / 麦兆辉 主演: 刘德华 / 梁朝伟 / 黄秋生2002 / 中国香港 / 剧情 犯罪 悬疑,1307914,无间道,https://img9.doubanio.com/view/photo/s_ratio_poster/public/p2564556863.jpg,香港电影史上永不过时的杰作。,20,9.2
932244,导演: 宫崎骏 Hayao Miyazaki 主演: 日高法子 Noriko Hidaka / 坂本千夏 Ch...1988 / 日本 / 动画 奇幻 冒险,1291560,龙猫,https://img9.doubanio.com/view/photo/s_ratio_poster/public/p2540924496.jpg,人人心中都有个龙猫，童年就永远不会消失。,21,9.2
680839,导演: 弗朗西斯·福特·科波拉 Francis Ford Coppola 主演: 马龙·白兰度 M...1972 / 美国 / 剧情 犯罪,1291841,教父,https://img9.doubanio.com/view/photo/s_ratio_poster/public/p616779645.jpg,千万不要记恨你的对手，这样会让你失去理智。,22,9.3
1115095,导演: 加布里尔·穆奇诺 Gabriele Muccino 主演: 威尔·史密斯 Will Smith ...2006 / 美国 / 剧情 传记 家庭,1849031,当幸福来敲门,https://img9.doubanio.com/view/photo/s_ratio_poster/public/p2614359276.jpg,平民励志片。 ,23,9.1
1301039,导演: 罗伯·莱纳 Rob Reiner 主演: 玛德琳·卡罗尔 Madeline Carroll / 卡...2010 / 美国 / 剧情 喜剧 爱情,3319755,怦然心动,https://img9.doubanio.com/view/photo/s_ratio_poster/public/p501177648.jpg,真正的幸福是来自内心深处。,24,9.1
727545,导演: 奥利维·那卡什 Olivier Nakache / 艾力克·托兰达 Eric Toledano 主...2011 / 法国 / 剧情 喜剧,6786002,触不可及,https://img9.doubanio.com/view/photo/s_ratio_poster/public/p1454261925.jpg,满满温情的高雅喜剧。,25,9.2
296660,导演: 比利·怀尔德 Billy Wilder 主演: 泰隆·鲍华 Tyrone Power / 玛琳·...1957 / 美国 / 剧情 犯罪 悬疑,1296141,控方证人,https://img9.doubanio.com/view/photo/s_ratio_poster/public/p1505392928.jpg,比利·怀德满分作品。,26,9.6
751218,导演: 克里斯托弗·诺兰 Christopher Nolan 主演: 克里斯蒂安·贝尔 Christ...2008 / 美国 英国 / 剧情 动作 科幻 犯罪 惊悚,1851857,蝙蝠侠：黑暗骑士,https://img9.doubanio.com/view/photo/s_ratio_poster/public/p462657443.jpg,无尽的黑暗。,27,9.2
584400,导演: 张艺谋 Yimou Zhang 主演: 葛优 You Ge / 巩俐 Li Gong / 姜武 Wu Jiang1994 / 中国大陆 中国香港 / 剧情 历史 家庭,1292365,活着,https://img9.doubanio.com/view/photo/s_ratio_poster/public/p2513253791.jpg,张艺谋最好的电影。,28,9.2
1102581,导演: 李·昂克里奇 Lee Unkrich / 阿德里安·莫利纳 Adrian Molina 主演: ...2017 / 美国 / 喜剧 动画 奇幻 音乐,20495023,寻梦环游记,https://img9.doubanio.com/view/photo/s_ratio_poster/public/p2614500706.jpg,死亡不是真的逝去，遗忘才是永恒的消亡。,29,9.1
534629,导演: 贝纳尔多·贝托鲁奇 Bernardo Bertolucci 主演: 尊龙 John Lone / 陈...1987 / 英国 意大利 中国大陆 法国 / 剧情 传记 历史,1293172,末代皇帝,https://img9.doubanio.com/view/photo/s_ratio_poster/public/p452089833.jpg,“不要跟我比惨，我比你更惨”再适合这部电影不过了。,30,9.2
501035,导演: 维克多·弗莱明 Victor Fleming / 乔治·库克 George Cukor 主演: 费...1939 / 美国 / 剧情 历史 爱情 战争,1300267,乱世佳人,https://img9.doubanio.com/view/photo/s_ratio_poster/public/p1963126880.jpg,Tomorrow is another day.,31,9.3
1144277,导演: 涅提·蒂瓦里 Nitesh Tiwari 主演: 阿米尔·汗 Aamir Khan / 法缇玛...2016 / 印度 / 剧情 传记 运动 家庭,26387939,摔跤吧！爸爸,https://img9.doubanio.com/view/photo/s_ratio_poster/public/p2457983084.jpg,你不是在为你一个人战斗，你要让千千万万的女性看到女生并不是只能相夫教子。,32,9.0
552689,导演: 彼得·杰克逊 Peter Jackson 主演: 伊利亚·伍德 Elijah Wood / 西恩...2003 / 美国 新西兰 / 剧情 动作 奇幻 冒险,1291552,指环王3：王者无敌,https://img9.doubanio.com/view/photo/s_ratio_poster/public/p1910825503.jpg,史诗的终章。,33,9.2
681033,导演: 娜丁·拉巴基 Nadine Labaki 主演: 扎因·拉费阿 Zain al-Rafeea / ...2018 / 黎巴嫩 法国 美国 / 剧情,30170448,何以为家,https://img9.doubanio.com/view/photo/s_ratio_poster/public/p2555295759.jpg,凝视卑弱生命，用电影改变命运。,34,9.1
1044308,导演: 李安 Ang Lee 主演: 苏拉·沙玛 Suraj Sharma / 伊尔凡·可汗 Irrfan...2012 / 美国 中国台湾 英国 加拿大 / 剧情 奇幻 冒险,1929463,少年派的奇幻漂流,https://img9.doubanio.com/view/photo/s_ratio_poster/public/p1784592701.jpg,瑰丽壮观、无人能及的冒险之旅。,35,9.1
977714,导演: 彼特·道格特 Pete Docter / 鲍勃·彼德森 Bob Peterson 主演: 爱德...2009 / 美国 / 剧情 喜剧 动画 冒险,2129039,飞屋环游记,https://img9.doubanio.com/view/photo/s_ratio_poster/public/p485887754.jpg,最后那些最无聊的事情，才是最值得怀念的。 ,36,9.0
332898,导演: Sidney Lumet 主演: 亨利·方达 Henry Fonda / 马丁·鲍尔萨姆 Marti...1957 / 美国 / 剧情,1293182,十二怒汉,https://img9.doubanio.com/view/photo/s_ratio_poster/public/p2173577632.jpg,1957年的理想主义。 ,37,9.4
450206,导演: 姜文 Wen Jiang 主演: 姜文 Wen Jiang / 香川照之 Teruyuki Kagawa /...2000 / 中国大陆 / 剧情 喜剧,1291858,鬼子来了,https://img9.doubanio.com/view/photo/s_ratio_poster/public/p2553104888.jpg,对敌人的仁慈，就是对自己残忍。,38,9.2
457022,导演: 李濬益 Jun-ik Lee 主演: 薛景求 Kyung-gu Sol / 严志媛 Ji-won Uhm ...2013 / 韩国 / 剧情,21937452,素媛,https://img9.doubanio.com/view/photo/s_ratio_poster/public/p2118532944.jpg,受过伤害的人总是笑得最开心，因为他们不愿意让身边的人承受一样的痛苦。,39,9.2
620217,导演: 宫崎骏 Hayao Miyazaki 主演: 田中真弓 Mayumi Tanaka / 横泽启子 Ke...1986 / 日本 / 动画 奇幻 冒险,1291583,天空之城,https://img9.doubanio.com/view/photo/s_ratio_poster/public/p1446261379.jpg,对天空的追逐，永不停止。 ,40,9.1
715425,导演: 宫崎骏 Hayao Miyazaki 主演: 倍赏千惠子 Chieko Baishô / 木村拓...2004 / 日本 / 动画 奇幻 冒险,1308807,哈尔的移动城堡,https://img9.doubanio.com/view/photo/s_ratio_poster/public/p2174346180.jpg,带着心爱的人在天空飞翔。,41,9.1
882954,导演: 刘镇伟 Jeffrey Lau 主演: 周星驰 Stephen Chow / 吴孟达 Man Tat Ng...1995 / 中国香港 中国大陆 / 喜剧 爱情 奇幻 古装,1299398,大话西游之月光宝盒,https://img9.doubanio.com/view/photo/s_ratio_poster/public/p2561721372.jpg,旷古烁今。,42,9.0
482386,导演: 朱塞佩·托纳多雷 Giuseppe Tornatore 主演: 安东内拉·阿蒂利 Anton...1988 / 意大利 法国 / 剧情 爱情,1291828,天堂电影院,https://img9.doubanio.com/view/photo/s_ratio_poster/public/p2559577569.jpg,那些吻戏，那些青春，都在影院的黑暗里被泪水冲刷得无比清晰。,43,9.2
715844,导演: 威廉·惠勒 William Wyler 主演: 奥黛丽·赫本 Audrey Hepburn / 格...1953 / 美国 / 喜剧 剧情 爱情,1293839,罗马假日,https://img9.doubanio.com/view/photo/s_ratio_poster/public/p2189265085.jpg,爱情哪怕只有一天。,44,9.0
687761,导演: Chris Columbus 主演: Daniel Radcliffe / Emma Watson / Rupert Grint2001 / 美国 英国 / 奇幻 冒险,1295038,哈利·波特与魔法石,https://img9.doubanio.com/view/photo/s_ratio_poster/public/p804947166.jpg,童话世界的开端。,45,9.0
623390,导演: 马丁·布莱斯 Martin Brest 主演: 阿尔·帕西诺 Al Pacino / 克里斯...1992 / 美国 / 剧情,1298624,闻香识女人,https://img9.doubanio.com/view/photo/s_ratio_poster/public/p2550757929.jpg,史上最美的探戈。,46,9.1
447398,导演: 杨宇硕 Woo-seok Yang 主演: 宋康昊 Kang-ho Song / 金英爱 Yeong-ae...2013 / 韩国 / 剧情,21937445,辩护人,https://img9.doubanio.com/view/photo/s_ratio_poster/public/p2158166535.jpg,电影的现实意义大过电影本身。,47,9.2
1528999,导演: 文牧野 Muye Wen 主演: 徐峥 Zheng Xu / 王传君 Chuanjun Wang / 周...2018 / 中国大陆 / 剧情 喜剧,26752088,我不是药神,https://img9.doubanio.com/view/photo/s_ratio_poster/public/p2561305376.jpg,对我们国家而言，这样的电影多一部是一部。,48,9.0
641370,导演: 大卫·芬奇 David Fincher 主演: 爱德华·诺顿 Edward Norton / 布拉...1999 / 美国 德国 / 剧情 动作 悬疑 惊悚,1292000,搏击俱乐部,https://img9.doubanio.com/view/photo/s_ratio_poster/public/p1910926158.jpg,邪恶与平庸蛰伏于同一个母体，在特定的时间互相对峙。,49,9.0
508405,导演: 彼得·威尔 Peter Weir 主演: 罗宾·威廉姆斯 Robin Williams / 罗伯...1989 / 美国 / 剧情,1291548,死亡诗社,https://img9.doubanio.com/view/photo/s_ratio_poster/public/p2575465690.jpg,当一个死水般的体制内出现一个活跃的变数时，所有的腐臭都站在了光明的对面。,50,9.1
377375,导演: 弗朗西斯·福特·科波拉 Francis Ford Coppola 主演: 阿尔·帕西诺 A...1974 / 美国 / 剧情 犯罪,1299131,教父2,https://img9.doubanio.com/view/photo/s_ratio_poster/public/p2194138787.jpg,优雅的孤独。,51,9.2
588303,导演: Roger Allers / 罗伯·明可夫 Rob Minkoff 主演: 乔纳森·泰勒·托马...1994 / 美国 / 动画 冒险 歌舞,1301753,狮子王,https://img9.doubanio.com/view/photo/s_ratio_poster/public/p2277799019.jpg,动物版《哈姆雷特》。,52,9.0
504064,导演: 彼得·杰克逊 Peter Jackson 主演: 伊利亚·伍德 Elijah Wood / 西恩...2002 / 美国 新西兰 / 剧情 动作 奇幻 冒险,1291572,指环王2：双塔奇兵,https://img9.doubanio.com/view/photo/s_ratio_poster/public/p909265336.jpg,承前启后的史诗篇章。,53,9.1
283078,导演: 万籁鸣 Laiming Wan / 唐澄 Cheng Tang 主演: 邱岳峰 Yuefeng Qiu /...1961(中国大陆) / 1964(中国大陆) / 1978(中国大陆) / 2004(中国大陆) / 中国大陆 / 动画 奇幻,1418019,大闹天宫,https://img9.doubanio.com/view/photo/s_ratio_poster/public/p2184505167.jpg,经典之作，历久弥新。,54,9.3
417875,导演: 弗洛里安·亨克尔·冯·多纳斯马尔克 Florian Henckel von Donnersmarck &n...2006 / 德国 / 剧情 悬疑,1900841,窃听风暴,https://img9.doubanio.com/view/photo/s_ratio_poster/public/p1808872109.jpg,别样人生。,55,9.1
591296,导演: 史蒂文·斯皮尔伯格 Steven Spielberg 主演: 莱昂纳多·迪卡普里奥 L...2002 / 美国 加拿大 / 传记 犯罪 剧情,1305487,猫鼠游戏,https://img9.doubanio.com/view/photo/s_ratio_poster/public/p453924541.jpg,骗子大师和执著警探的你追我跑故事。 ,56,9.0
567207,导演: 彼得·杰克逊 Peter Jackson 主演: 伊利亚·伍德 Elijah Wood / 西恩...2001 / 新西兰 美国 / 剧情 动作 奇幻 冒险,1291571,指环王1：魔戒再现,https://img9.doubanio.com/view/photo/s_ratio_poster/public/p1354436051.jpg,传说的开始。,57,9.0
380259,导演: 罗曼·波兰斯基 Roman Polanski 主演: 艾德里安·布洛迪 Adrien Brod...2002 / 法国 德国 英国 波兰 / 剧情 传记 历史 战争 音乐,1296736,钢琴家,https://img9.doubanio.com/view/photo/s_ratio_poster/public/p792376093.jpg,音乐能化解仇恨。,58,9.2
446647,导演: Guy Ritchie 主演: Jason Flemyng / Dexter Fletcher / Nick Moran1998 / 英国 / 剧情 喜剧 犯罪,1293350,两杆大烟枪,https://img9.doubanio.com/view/photo/s_ratio_poster/public/p792443418.jpg,4个臭皮匠顶个诸葛亮，盖·里奇果然不是盖的。,59,9.1
551928,导演: 朗·霍华德 Ron Howard 主演: 罗素·克劳 Russell Crowe / 艾德·哈...2001 / 美国 / 传记 剧情,1306029,美丽心灵,https://img9.doubanio.com/view/photo/s_ratio_poster/public/p1665997400.jpg,爱是一切逻辑和原由。,60,9.0
569819,导演: 安迪·沃卓斯基 Andy Wachowski / 拉娜·沃卓斯基 Lana Wachowski 主...1999 / 美国 澳大利亚 / 动作 科幻,1291843,黑客帝国,https://img9.doubanio.com/view/photo/s_ratio_poster/public/p451926968.jpg,视觉革命。,61,9.0
414741,导演: 李安 Ang Lee 主演: 郎雄 Sihung Lung / 杨贵媚 Kuei-Mei Yang / 吴...1994 / 中国台湾 美国 / 剧情 家庭,1291818,饮食男女,https://img9.doubanio.com/view/photo/s_ratio_poster/public/p1910899751.jpg,人生不能像做菜，把所有的料都准备好了才下锅。,62,9.1
436904,导演: 米洛斯·福尔曼 Miloš Forman 主演: 杰克·尼科尔森 Jack Nichols...1975 / 美国 / 剧情,1292224,飞越疯人院,https://img9.doubanio.com/view/photo/s_ratio_poster/public/p792238287.jpg,自由万岁。,63,9.1
720230,导演: 大卫·芬奇 David Fincher 主演: 凯特·布兰切特 Cate Blanchett / ...2008 / 美国 / 剧情 爱情 奇幻,1485260,本杰明·巴顿奇事,https://img9.doubanio.com/view/photo/s_ratio_poster/public/p2192535722.jpg,在时间之河里感受溺水之苦。,64,8.9
770981,导演: 詹姆斯·麦克特格 James McTeigue 主演: 娜塔莉·波特曼 Natalie Por...2005 / 美国 英国 德国 / 剧情 动作 科幻 惊悚,1309046,V字仇杀队,https://img9.doubanio.com/view/photo/s_ratio_poster/public/p1465235231.jpg,一张面具背后的理想与革命。,65,8.9
1174237,导演: 姜文 Wen Jiang 主演: 姜文 Wen Jiang / 葛优 You Ge / 周润发 Yun-F...2010 / 中国大陆 中国香港 / 剧情 喜剧 动作 西部,3742360,让子弹飞,https://img9.doubanio.com/view/photo/s_ratio_poster/public/p1512562287.jpg,你给我翻译翻译，神马叫做TMD的惊喜。,66,8.8
853299,导演: 奥里奥尔·保罗 Oriol Paulo 主演: 马里奥·卡萨斯 Mario Casas / 阿...2016 / 西班牙 / 剧情 犯罪 悬疑 惊悚,26580232,看不见的客人,https://img9.doubanio.com/view/photo/s_ratio_poster/public/p2498971355.jpg,你以为你以为的就是你以为的。,67,8.8
710446,导演: 朱塞佩·托纳多雷 Giuseppe Tornatore 主演: 莫妮卡·贝鲁奇 Monica ...2000 / 意大利 美国 / 剧情 战争 情色,1292402,西西里的美丽传说,https://img9.doubanio.com/view/photo/s_ratio_poster/public/p2448029416.jpg,美丽无罪。,68,8.9
1109364,导演: 彼得·法雷里 Peter Farrelly 主演: 维果·莫腾森 Viggo Mortensen /...2018 / 美国 / 剧情 喜剧 传记,27060077,绿皮书,https://img9.doubanio.com/view/photo/s_ratio_poster/public/p2549177902.jpg,去除成见，需要勇气。,69,8.9
291888,导演: 马基德·马基迪 Majid Majidi 主演: 法拉赫阿米尔·哈什米安 Amir Fa...1997 / 伊朗 / 剧情 儿童 家庭,1303021,小鞋子,https://img9.doubanio.com/view/photo/s_ratio_poster/public/p2173580536.jpg,奔跑的孩子是天使。,70,9.2
466764,导演: 史蒂文·斯皮尔伯格 Steven Spielberg 主演: 汤姆·汉克斯 Tom Hanks...1998 / 美国 / 剧情 历史 战争,1292849,拯救大兵瑞恩,https://img9.doubanio.com/view/photo/s_ratio_poster/public/p1014542496.jpg,美利坚精神输出大片No1.,71,9.0
288719,导演: 路易·西霍尤斯 Louie Psihoyos 主演: Richard O'Barry / 路易·西霍...2009 / 美国 / 纪录片,3442220,海豚湾,https://img9.doubanio.com/view/photo/s_ratio_poster/public/p2559579779.jpg,海豚的微笑，是世界上最高明的伪装。,72,9.3
660816,导演: 岩井俊二 Shunji Iwai 主演: 中山美穗 Miho Nakayama / 丰川悦司 Ets...1995 / 日本 / 剧情 爱情,1292220,情书,https://img9.doubanio.com/view/photo/s_ratio_poster/public/p449897379.jpg,暗恋的极致。,73,8.9
361712,导演: 马克·赫尔曼 Mark Herman 主演: 阿萨·巴特菲尔德 Asa Butterfield ...2008 / 英国 美国 / 剧情 战争,3008247,穿条纹睡衣的男孩,https://img9.doubanio.com/view/photo/s_ratio_poster/public/p1473670352.jpg,尽管有些不切实际的幻想，这部电影依旧是一部感人肺腑的佳作。,74,9.1
288320,导演: 阿兰·葛斯彭纳 Alain Gsponer 主演: 阿努克·斯特芬 Anuk Steffen /...2015 / 德国 瑞士 南非 / 剧情 冒险 家庭,25958717,海蒂和爷爷,https://img9.doubanio.com/view/photo/s_ratio_poster/public/p2554525534.jpg,如果生活中有什么使你感到快乐，那就去做吧！不要管别人说什么。,75,9.2
434880,导演: 罗伯特·怀斯 Robert Wise 主演: 朱莉·安德鲁斯 Julie Andrews / 克...1965 / 美国 / 剧情 传记 爱情 歌舞,1294408,音乐之声,https://img9.doubanio.com/view/photo/s_ratio_poster/public/p453788577.jpg,用音乐化解仇恨，让歌声串起美好。,76,9.0
305758,导演: 赛尔乔·莱翁内 Sergio Leone 主演: 罗伯特·德尼罗 Robert De Niro ...1984 / 美国 意大利 / 犯罪 剧情,1292262,美国往事,https://img9.doubanio.com/view/photo/s_ratio_poster/public/p477229647.jpg,往事如烟，无处祭奠。,77,9.2
618286,导演: 克里斯托弗·诺兰 Christopher Nolan 主演: 休·杰克曼 Hugh Jackman...2006 / 英国 美国 / 剧情 悬疑 惊悚,1780330,致命魔术,https://img9.doubanio.com/view/photo/s_ratio_poster/public/p480383375.jpg,孪生蝙蝠侠大战克隆金刚狼。,78,8.9
608664,导演: 昆汀·塔伦蒂诺 Quentin Tarantino 主演: 约翰·特拉沃尔塔 John Tra...1994 / 美国 / 剧情 喜剧 犯罪,1291832,低俗小说,https://img9.doubanio.com/view/photo/s_ratio_poster/public/p1910902213.jpg,故事的高级讲法。,79,8.8
713357,导演: 大卫·芬奇 David Fincher 主演: 摩根·弗里曼 Morgan Freeman / 布...1995 / 美国 / 剧情 犯罪 悬疑 惊悚,1292223,七宗罪,https://img9.doubanio.com/view/photo/s_ratio_poster/public/p2219586434.jpg,警察抓小偷，老鼠玩死猫。,80,8.8
614233,导演: 乔纳森·戴米 Jonathan Demme 主演: 朱迪·福斯特 Jodie Foster / 安...1991 / 美国 / 剧情 犯罪 惊悚,1293544,沉默的羔羊,https://img9.doubanio.com/view/photo/s_ratio_poster/public/p1593414327.jpg,安东尼·霍普金斯的顶级表演。,81,8.8
678691,导演: 埃里克·布雷斯 Eric Bress / J·麦基·格鲁伯 J. Mackye Gruber 主...2004 / 美国 加拿大 / 剧情 悬疑 科幻 惊悚,1292343,蝴蝶效应,https://img9.doubanio.com/view/photo/s_ratio_poster/public/p2209066019.jpg,人的命运被自己瞬间的抉择改变。,82,8.8
682555,导演: Martin Scorsese 主演: 莱昂纳多·迪卡普里奥 Leonardo DiCaprio / ...2010 / 美国 / 剧情 悬疑 惊悚,2334904,禁闭岛,https://img9.doubanio.com/view/photo/s_ratio_poster/public/p1832875827.jpg,昔日翩翩少年，今日大腹便便。,83,8.8
510133,导演: 格斯·范·桑特 Gus Van Sant 主演: 马特·达蒙 Matt Damon / 罗宾·...1997 / 美国 / 剧情,1292656,心灵捕手,https://img9.doubanio.com/view/photo/s_ratio_poster/public/p480965695.jpg,人生中应该拥有这样的一段豁然开朗。,84,8.9
458409,导演: 王家卫 Kar Wai Wong 主演: 张国荣 Leslie Cheung / 梁朝伟 Tony Leu...1997 / 中国香港 日本 韩国 / 剧情 爱情 同性,1292679,春光乍泄,https://img9.doubanio.com/view/photo/s_ratio_poster/public/p465939041.jpg,爱情纠缠，男女一致。,85,8.9
643921,导演: 韦斯·安德森 Wes Anderson 主演: 拉尔夫·费因斯 Ralph Fiennes / ...2014 / 美国 德国 英国 / 剧情 喜剧 冒险,11525673,布达佩斯大饭店,https://img9.doubanio.com/view/photo/s_ratio_poster/public/p2178872593.jpg,小清新的故事里注入了大历史的情怀。,86,8.8
546393,导演: 中岛哲也 Tetsuya Nakashima 主演: 中谷美纪 Miki Nakatani / 瑛太 E...2006 / 日本 / 剧情 歌舞,1787291,被嫌弃的松子的一生,https://img9.doubanio.com/view/photo/s_ratio_poster/public/p884763596.jpg,以戏谑来戏谑戏谑。,87,8.9
968287,导演: 詹姆斯·卡梅隆 James Cameron 主演: 萨姆·沃辛顿 Sam Worthington ...2009 / 美国 英国 / 动作 科幻 冒险,1652587,阿凡达,https://img9.doubanio.com/view/photo/s_ratio_poster/public/p2180085848.jpg,绝对意义上的美轮美奂。,88,8.7
203304,导演: 查理·卓别林 Charles Chaplin 主演: 查理·卓别林 Charles Chaplin ...1936 / 美国 / 剧情 喜剧 爱情,1294371,摩登时代,https://img9.doubanio.com/view/photo/s_ratio_poster/public/p2263408369.jpg,大时代中的人生，小人物的悲喜。,89,9.3
818344,导演: 蒂姆·波顿 Tim Burton 主演: 约翰尼·德普 Johnny Depp / 薇诺娜·...1990 / 美国 / 剧情 奇幻 爱情,1292370,剪刀手爱德华,https://img9.doubanio.com/view/photo/s_ratio_poster/public/p480956937.jpg,浪漫忧郁的成人童话。,90,8.7
450220,导演: 梅尔·吉布森 Mel Gibson 主演: 梅尔·吉布森 Mel Gibson / 苏菲·玛...1995 / 美国 / 动作 传记 剧情 历史 战争,1294639,勇敢的心,https://img9.doubanio.com/view/photo/s_ratio_poster/public/p2218094815.jpg,史诗大片的典范。,91,8.9
684529,导演: 周星驰 Stephen Chow / 李力持 Lik-Chi Lee 主演: 周星驰 Stephen Ch...1999 / 中国香港 / 喜剧 剧情 爱情,1302425,喜剧之王,https://img9.doubanio.com/view/photo/s_ratio_poster/public/p2579932167.jpg,我是一个演员。,92,8.7
780447,导演: 让-皮埃尔·热内 Jean-Pierre Jeunet 主演: 奥黛丽·塔图 Audrey Tau...2001 / 法国 德国 / 喜剧 爱情,1292215,天使爱美丽,https://img9.doubanio.com/view/photo/s_ratio_poster/public/p2447590313.jpg,法式小清新。 ,93,8.7
574902,导演: 詹姆斯·曼高德 James Mangold 主演: 约翰·库萨克 John Cusack / 雷...2003 / 美国 / 剧情 悬疑 惊悚,1297192,致命ID,https://img9.doubanio.com/view/photo/s_ratio_poster/public/p2558364386.jpg,最不可能的那个人永远是最可能的。,94,8.8
644142,导演: 戈尔·维宾斯基 Gore Verbinski 主演: 约翰尼·德普 Johnny Depp / ...2003 / 美国 / 动作 冒险 奇幻,1298070,加勒比海盗,https://img9.doubanio.com/view/photo/s_ratio_poster/public/p1596085504.jpg,约翰尼·德普的独角戏。,95,8.8
545535,导演: 大卫·叶茨 David Yates 主演: 丹尼尔·雷德克里夫 Daniel Radcliffe...2011 / 美国 英国 / 奇幻 冒险,3011235,哈利·波特与死亡圣器(下),https://img9.doubanio.com/view/photo/s_ratio_poster/public/p917846733.jpg,10年的完美句点。,96,8.8
543713,导演: 李安 Ang Lee 主演: 希斯·莱杰 Heath Ledger / 杰克·吉伦哈尔 Jake...2005 / 美国 加拿大 / 剧情 爱情 同性 家庭,1418834,断背山,https://img9.doubanio.com/view/photo/s_ratio_poster/public/p2514704949.jpg,每个人心中都有一座断背山。,97,8.8
477673,导演: 奉俊昊 Joon-ho Bong 主演: 宋康昊 Kang-ho Song / 金相庆 Sang-kyun...2003 / 韩国 / 剧情 动作 犯罪 悬疑 惊悚,1300299,杀人回忆,https://img9.doubanio.com/view/photo/s_ratio_poster/public/p657823840.jpg,关于连环杀人悬案的集体回忆。,98,8.8
259869,导演: 托马斯·温特伯格 Thomas Vinterberg 主演: 麦斯·米科尔森 Mads Mik...2012 / 丹麦 瑞典 / 剧情,6985810,狩猎,https://img9.doubanio.com/view/photo/s_ratio_poster/public/p1546987967.jpg,人言可畏。,99,9.1
465011,导演: 卢卡·瓜达尼诺 Luca Guadagnino 主演: 艾米·汉莫 Armie Hammer / ...2017 / 意大利 法国 巴西 美国 荷兰 德国 / 剧情 爱情 同性,26799731,请以你的名字呼唤我,https://img9.doubanio.com/view/photo/s_ratio_poster/public/p2505525050.jpg,沉醉在电影的情感和视听氛围中无法自拔。,100,8.9
399709,导演: 宫崎骏 Hayao Miyazaki 主演: 松田洋治 Yôji Matsuda / 石田百合...1997 / 日本 / 动画 奇幻 冒险,1297359,幽灵公主,https://img9.doubanio.com/view/photo/s_ratio_poster/public/p1613191025.jpg,人与自然的战争史诗。,101,8.9
460662,导演: 姜文 Wen Jiang 主演: 夏雨 Yu Xia / 宁静 Jing Ning / 陶虹 Hong Tao1994 / 中国大陆 中国香港 / 剧情 爱情,1291875,阳光灿烂的日子,https://img9.doubanio.com/view/photo/s_ratio_poster/public/p2564685215.jpg,一场华丽的意淫。,102,8.8
305966,导演: 森淳一 Junichi Mori 主演: 桥本爱 Ai Hashimoto / 三浦贵大 Takahir...2014 / 日本 / 剧情,25814705,小森林 夏秋篇,https://img9.doubanio.com/view/photo/s_ratio_poster/public/p2564498893.jpg,那些静得只能听见呼吸的日子里，你明白孤独即生活。,103,9.0
581020,导演: 王家卫 Kar Wai Wong 主演: 林青霞 Brigitte Lin / 金城武 Takeshi K...1994 / 中国香港 / 剧情 爱情,1291999,重庆森林,https://img9.doubanio.com/view/photo/s_ratio_poster/public/p792381411.jpg,寂寞没有期限。,104,8.7
378360,导演: 李焕庆 Hwan-kyeong Lee 主演: 柳承龙 Seung-yong Ryoo / 朴信惠 Shi...2013 / 韩国 / 剧情 喜剧 家庭,10777687,7号房的礼物,https://img9.doubanio.com/view/photo/s_ratio_poster/public/p1816276065.jpg,《我是山姆》的《美丽人生》。,105,8.9
453489,导演: 泷田洋二郎 Yôjirô Takita 主演: 本木雅弘 Masahiro Motoki / ...2008 / 日本 / 剧情,2149806,入殓师,https://img9.doubanio.com/view/photo/s_ratio_poster/public/p1583839859.jpg,死可能是一道门，逝去并不是终结，而是超越，走向下一程。,106,8.8
396860,导演: M·奈特·沙马兰 M. Night Shyamalan 主演: 布鲁斯·威利斯 Bruce Wi...1999 / 美国 / 剧情 悬疑 惊悚,1297630,第六感,https://img9.doubanio.com/view/photo/s_ratio_poster/public/p2220184425.jpg,深入内心的恐怖，出人意料的结局。,107,8.9
283774,导演: 今敏 Satoshi Kon 主演: 林原惠美 Megumi Hayashibara / 江守彻 Toru...2006 / 日本 / 动画 悬疑 科幻 惊悚,1865703,红辣椒,https://img9.doubanio.com/view/photo/s_ratio_poster/public/p456825720.jpg,梦的勾结。,108,9.0
652857,导演: 大卫·芬奇 David Fincher 主演: 本·阿弗莱克 Ben Affleck / 罗莎蒙...2014 / 美国 / 剧情 犯罪 悬疑 惊悚,21318488,消失的爱人,https://img9.doubanio.com/view/photo/s_ratio_poster/public/p2221768894.jpg,年度最佳date movie。,109,8.7
270224,导演: 森淳一 Junichi Mori 主演: 桥本爱 Ai Hashimoto / 三浦贵大 Takahir...2015 / 日本 / 剧情,25814707,小森林 冬春篇,https://img9.doubanio.com/view/photo/s_ratio_poster/public/p2258078370.jpg,尊敬他人，尊敬你生活的这片土地，明白孤独是人生的常态。,110,9.0
434321,导演: 理查德·林克莱特 Richard Linklater 主演: 伊桑·霍克 Ethan Hawke ...1995 / 美国 奥地利 瑞士 / 剧情 爱情,1296339,爱在黎明破晓前,https://img9.doubanio.com/view/photo/s_ratio_poster/public/p2555762374.jpg,缘分是个连绵词，最美不过一瞬。,111,8.8
258210,导演: 杨德昌 Edward Yang 主演: 吴念真 / 李凯莉 Kelly Lee / 金燕玲 Elai...2000 / 中国台湾 日本 / 剧情 爱情 家庭,1292434,一一,https://img9.doubanio.com/view/photo/s_ratio_poster/public/p2567845803.jpg,我们都曾经是一一。,112,9.0
334202,导演: 近藤喜文 Yoshifumi Kondo 主演: 本名阳子 Youko Honna / 小林桂树 K...1995 / 日本 / 剧情 爱情 动画,1297052,侧耳倾听,https://img9.doubanio.com/view/photo/s_ratio_poster/public/p456692072.jpg,少女情怀总是诗。,113,8.9
742891,导演: 李力持 Lik-Chi Lee 主演: 周星驰 Stephen Chow / 巩俐 Li Gong / 陈...1993 / 中国香港 / 喜剧 爱情 古装,1306249,唐伯虎点秋香,https://img9.doubanio.com/view/photo/s_ratio_poster/public/p2357915564.jpg,华太师是黄霑，吴镇宇四大才子之一。,114,8.6
339371,导演: 托尼·凯耶 Tony Kaye 主演: 艾德里安·布洛迪 Adrien Brody / 马西...2011 / 美国 / 剧情,5322596,超脱,https://img9.doubanio.com/view/photo/s_ratio_poster/public/p1305562621.jpg,穷尽一生，我们要学会的，不过是彼此拥抱。,115,8.9
525942,导演: 程小东 Siu-Tung Ching 主演: 张国荣 Leslie Cheung / 王祖贤 Joey W...1987 / 中国香港 / 爱情 奇幻 武侠 古装,1297447,倩女幽魂,https://img9.doubanio.com/view/photo/s_ratio_poster/public/p2414157745.jpg,两张绝世的脸。 ,116,8.7
336319,导演: 亚当·艾略特 Adam Elliot 主演: 托妮·科莱特 Toni Collette / 菲利...2009 / 澳大利亚 / 剧情 喜剧 动画,3072124,玛丽和马克思,https://img9.doubanio.com/view/photo/s_ratio_poster/public/p2162822165.jpg,你是我最好的朋友，你是我唯一的朋友 。,117,8.9
518765,导演: 克里斯托弗·诺兰 Christopher Nolan 主演: 克里斯蒂安·贝尔 Christ...2012 / 美国 英国 / 剧情 动作 科幻 犯罪 惊悚,3395373,蝙蝠侠：黑暗骑士崛起,https://img9.doubanio.com/view/photo/s_ratio_poster/public/p1706428744.jpg,诺兰就是保证。,118,8.8
542786,导演: 中岛哲也 Tetsuya Nakashima 主演: 松隆子 Takako Matsu / 冈田将生 ...2010 / 日本 / 剧情 惊悚,4268598,告白,https://img9.doubanio.com/view/photo/s_ratio_poster/public/p689520756.jpg,没有一人完全善，也没有一人完全恶。,119,8.7
379444,导演: 陈可辛 Peter Chan 主演: 黎明 Leon Lai / 张曼玉 Maggie Cheung / ...1996 / 中国香港 / 剧情 爱情,1305164,甜蜜蜜,https://img9.doubanio.com/view/photo/s_ratio_poster/public/p2223011274.jpg,相逢只要一瞬间，等待却像是一辈子。,120,8.8
427845,导演: 蒂姆·波顿 Tim Burton 主演: 伊万·麦克格雷格 Ewan McGregor / 阿...2003 / 美国 / 剧情 家庭 奇幻 冒险,1291545,大鱼,https://img9.doubanio.com/view/photo/s_ratio_poster/public/p692813374.jpg,抱着梦想而活着的人是幸福的，怀抱梦想而死去的人是不朽的。,121,8.8
199953,导演: 是枝裕和 Hirokazu Koreeda 主演: 柳乐优弥 Yûya Yagira / 北浦爱...2004 / 日本 / 剧情,1292337,无人知晓,https://img9.doubanio.com/view/photo/s_ratio_poster/public/p661160053.jpg,我的平常生活就是他人的幸福。,122,9.1
463419,导演: 姜炯哲 Hyeong-Cheol Kang 主演: 沈恩京 Eun-kyung Shim / 闵孝琳 Hy...2011 / 韩国 / 剧情 喜剧,4917726,阳光姐妹淘,https://img9.doubanio.com/view/photo/s_ratio_poster/public/p1374786017.jpg,再多各自牛逼的时光，也比不上一起傻逼的岁月。 ,123,8.8
361894,导演: 大森贵弘 Takahiro Omori 主演: 佐仓绫音 Ayane Sakura / 内山昂辉 K...2011 / 日本 / 剧情 爱情 动画 奇幻,5989818,萤火之森,https://img9.doubanio.com/view/photo/s_ratio_poster/public/p1675053073.jpg,触不到的恋人。,124,8.9
476460,导演: 刘镇伟 Jeffrey Lau 主演: 梁朝伟 Tony Leung Chiu Wai / 林青霞 Bri...1993 / 中国香港 / 喜剧 奇幻 武侠 古装,1316510,射雕英雄传之东成西就,https://img9.doubanio.com/view/photo/s_ratio_poster/public/p2609063925.jpg,百看不厌。 ,125,8.7
720288,导演: 唐·霍尔 Don Hall / 克里斯·威廉姆斯 Chris Williams 主演: 斯科特...2014 / 美国 / 喜剧 动作 科幻 动画 冒险,11026735,超能陆战队,https://img9.doubanio.com/view/photo/s_ratio_poster/public/p2614500883.jpg,Balalala~~~,126,8.7
556042,导演: 迪恩·德布洛斯 Dean DeBlois / 克里斯·桑德斯 Chris Sanders 主演:...2010 / 美国 / 动画 奇幻 冒险,2353023,驯龙高手,https://img9.doubanio.com/view/photo/s_ratio_poster/public/p2210954024.jpg,和谐的生活离不开摸头与被摸头。,127,8.7
394287,导演: 米林宏昌 Hiromasa Yonebayashi 主演: 志田未来 Mirai Shida / 神木...2010 / 日本 / 动画 奇幻 冒险,4202302,借东西的小人阿莉埃蒂,https://img9.doubanio.com/view/photo/s_ratio_poster/public/p617533616.jpg,曾经的那段美好会沉淀为一辈子的记忆。,128,8.8
395073,导演: 史蒂文·斯皮尔伯格 Steven Spielberg 主演: 汤姆·汉克斯 Tom Hanks...2004 / 美国 / 喜剧 剧情 爱情,1292274,幸福终点站,https://img9.doubanio.com/view/photo/s_ratio_poster/public/p854757687.jpg,有时候幸福需要等一等。 ,129,8.8
374571,导演: 北野武 Takeshi Kitano 主演: 北野武 Takeshi Kitano / 关口雄介 Yus...1999 / 日本 / 剧情 喜剧,1293359,菊次郎的夏天,https://img9.doubanio.com/view/photo/s_ratio_poster/public/p751835224.jpg,从没见过那么流氓的温柔，从没见过那么温柔的流氓。,130,8.8
367548,导演: 理查德·林克莱特 Richard Linklater 主演: 伊桑·霍克 Ethan Hawke ...2004 / 美国 法国 / 剧情 爱情,1291990,爱在日落黄昏时,https://img9.doubanio.com/view/photo/s_ratio_poster/public/p2561542458.jpg,九年后的重逢是世俗和责任的交叠，没了悸动和青涩，沧桑而温暖。,131,8.8
460102,导演: 金秉祐 Byeong-woo Kim 主演: 河正宇 Jung-woo Ha / 李璟荣 Kyeong-y...2013 / 韩国 / 剧情 犯罪 悬疑,21360417,恐怖直播,https://img9.doubanio.com/view/photo/s_ratio_poster/public/p2016930906.jpg,恐怖分子的“秋菊打官司”。,132,8.8
187159,导演: 克林特·伊斯特伍德 Clint Eastwood 主演: 凯文·科斯特纳 Kevin Cos...1993 / 美国 / 剧情 犯罪,1300992,完美的世界,https://img9.doubanio.com/view/photo/s_ratio_poster/public/p2190556408.jpg,坏人的好总是比好人的好来得更感人。,133,9.1
693478,导演: 周星驰 Stephen Chow 主演: 周星驰 Stephen Chow / 元秋 Qiu Yuen / ...2004 / 中国大陆 中国香港 / 动作 喜剧 犯罪 奇幻,1291543,功夫,https://img9.doubanio.com/view/photo/s_ratio_poster/public/p2219011938.jpg,警恶惩奸，维护世界和平这个任务就交给你了，好吗？,134,8.6
100813,导演: 伏原健之 Kenshi Fushihara 主演: 津端修一 Shûichi Tsubata / 津...2017 / 日本 / 纪录片,26874505,人生果实,https://img9.doubanio.com/view/photo/s_ratio_poster/public/p2544912792.jpg,土壤没有落叶不会肥沃，没有了你就不算人生。,135,9.5
716662,导演: 皮艾尔·柯芬 Pierre Coffin / 克里斯·雷纳德 Chris Renaud 主演: ...2010 / 美国 法国 / 喜剧 动画 冒险,3287562,神偷奶爸,https://img9.doubanio.com/view/photo/s_ratio_poster/public/p792776858.jpg,Mr. I Don't Care其实也有Care的时候。,136,8.6
469730,导演: 彼特·道格特 Pete Docter / 大卫·斯沃曼 David Silverman 主演: 约...2001 / 美国 / 儿童 喜剧 动画 奇幻 冒险,1291579,怪兽电力公司,https://img9.doubanio.com/view/photo/s_ratio_poster/public/p2513247938.jpg,不要给它起名字，起了名字就有感情了。,137,8.7
364116,导演: 李·昂克里奇 Lee Unkrich 主演: 汤姆·汉克斯 Tom Hanks / 蒂姆·艾...2010 / 美国 / 喜剧 动画 奇幻 冒险,1858711,玩具总动员3,https://img9.doubanio.com/view/photo/s_ratio_poster/public/p1283675359.jpg,跨度十五年的欢乐与泪水。,138,8.8
558036,导演: 乔·怀特 Joe Wright 主演: 凯拉·奈特莉 Keira Knightley / 马修·...2005 / 法国 英国 美国 / 剧情 爱情,1418200,傲慢与偏见,https://img9.doubanio.com/view/photo/s_ratio_poster/public/p2016401659.jpg,爱是摈弃傲慢与偏见之后的曙光。,139,8.6
586596,导演: 梅尔·吉布森 Mel Gibson 主演: 安德鲁·加菲尔德 Andrew Garfield /...2016 / 美国 澳大利亚 / 剧情 传记 历史 战争,26325320,血战钢锯岭,https://img9.doubanio.com/view/photo/s_ratio_poster/public/p2398141939.jpg,优秀的战争片不会美化战场，不会粉饰死亡，不会矮化敌人，不会无视常识，最重要的，不会宣扬战争。,140,8.7
152407,导演: 王树忱 Shuchen Wang / 钱运达 Yunda Qian 主演: 丁建华 Jianhua Din...1983(中国大陆) / 中国大陆 / 动画 奇幻,1428581,天书奇谭,https://img9.doubanio.com/view/photo/s_ratio_poster/public/p2515539487.jpg,传奇的年代，醉人的童话。,141,9.2
284399,导演: 宫崎骏 Hayao Miyazaki 主演: 岛本须美 Sumi Shimamoto / 松田洋治 Y...1984 / 日本 / 动画 奇幻 冒险,1291585,风之谷,https://img9.doubanio.com/view/photo/s_ratio_poster/public/p1917567652.jpg,动画片的圣经。,142,8.9
251829,导演: 弗朗西斯·福特·科波拉 Francis Ford Coppola 主演: 阿尔·帕西诺 A...1990 / 美国 / 剧情 犯罪,1294240,教父3,https://img9.doubanio.com/view/photo/s_ratio_poster/public/p2169664351.jpg,任何信念的力量，都无法改变命运。,143,8.9
401992,导演: 理查德·柯蒂斯 Richard Curtis 主演: 多姆纳尔·格里森 Domhnall Gl...2013 / 英国 / 喜剧 爱情 奇幻,10577869,时空恋旅人,https://img9.doubanio.com/view/photo/s_ratio_poster/public/p2070153774.jpg,把每天当作最后一天般珍惜度过，积极拥抱生活，就是幸福。,144,8.7
233297,导演: 费尔南多·梅里尔斯 Fernando Meirelles / 卡迪亚·兰德 Kátia Lund &nbsp...2002 / 巴西 法国 / 犯罪 剧情,1292208,上帝之城,https://img9.doubanio.com/view/photo/s_ratio_poster/public/p455677490.jpg,被上帝抛弃了的上帝之城。,145,8.9
365212,导演: 詹姆斯·温 James Wan 主演: 雷·沃纳尔 Leigh Whannell / 加利·艾...2004 / 美国 / 悬疑 惊悚 恐怖,1417598,电锯惊魂,https://img9.doubanio.com/view/photo/s_ratio_poster/public/p1421159978.jpg,真相就在眼前。,146,8.7
244265,导演: 李安 Ang Lee 主演: 赵文瑄 Winston Chao / 郎雄 Sihung Lung / 归亚...1993 / 中国台湾 美国 / 剧情 喜剧 爱情 同性 家庭,1303037,喜宴,https://img9.doubanio.com/view/photo/s_ratio_poster/public/p2173713676.jpg,中国家庭的喜怒哀乐忍。,147,8.9
444598,导演: 昆汀·塔伦蒂诺 Quentin Tarantino 主演: 杰米·福克斯 Jamie Foxx /...2012 / 美国 / 剧情 动作 西部 冒险,6307447,被解救的姜戈,https://img9.doubanio.com/view/photo/s_ratio_poster/public/p1959232369.jpg,热血沸腾，那个低俗、性感的无耻混蛋又来了。,148,8.7
179194,导演: 严定宪 Dingxian Yan / 王树忱 Shuchen Wang 主演: 梁正晖 Zhenghui ...1979 / 中国大陆 / 冒险 动画 奇幻,1307315,哪吒闹海,https://img9.doubanio.com/view/photo/s_ratio_poster/public/p2516566783.jpg,想你时你在闹海。,149,9.1
136913,导演: 黑泽明 Akira Kurosawa 主演: 三船敏郎 Toshirô Mifune / 志村乔 ...1954 / 日本 / 动作 冒险 剧情,1295399,七武士,https://img9.doubanio.com/view/photo/s_ratio_poster/public/p2215886505.jpg,时代悲歌。,150,9.2
366739,导演: 吴宇森 John Woo 主演: 周润发 Yun-Fat Chow / 狄龙 Lung Ti / 张国...1986 / 中国香港 / 剧情 动作 犯罪,1297574,英雄本色,https://img9.doubanio.com/view/photo/s_ratio_poster/public/p2504997087.jpg,英雄泪短，兄弟情长。 ,151,8.7
313369,导演: 保罗·格林格拉斯 Paul Greengrass 主演: 马特·达蒙 Matt Damon / ...2007 / 美国 德国 / 动作 悬疑 惊悚,1578507,谍影重重3,https://img9.doubanio.com/view/photo/s_ratio_poster/public/p792223507.jpg,像吃了苏打饼一样干脆的电影。,152,8.8
826133,导演: 延尚昊 Sang-ho Yeon 主演: 孔侑 Yoo Gong / 郑有美 Yu-mi Jung / 马...2016 / 韩国 / 动作 惊悚 灾难,25986180,釜山行,https://img9.doubanio.com/view/photo/s_ratio_poster/public/p2360940399.jpg,揭露人性的丧尸题材力作。,153,8.5
220542,导演: 杰茜·尼尔森 Jessie Nelson 主演: Sean Penn / Dakota Fanning / Mi...2001 / 美国 / 剧情 家庭,1306861,我是山姆,https://img9.doubanio.com/view/photo/s_ratio_poster/public/p652417775.jpg,爱并不需要智商 。,154,8.9
464448,导演: 罗启锐 Alex Law 主演: 吴君如 Sandra Ng / 任达华 Simon Yam / 钟绍...2010 / 中国香港 中国大陆 / 剧情 家庭,3792799,岁月神偷,https://img9.doubanio.com/view/photo/s_ratio_poster/public/p659427316.jpg,岁月流逝，来日可追。,155,8.7
1030582,导演: 史蒂文·斯皮尔伯格 Steven Spielberg 主演: 泰伊·谢里丹 Tye Sheri...2018 / 美国 / 动作 科幻 冒险,4920389,头号玩家,https://img9.doubanio.com/view/photo/s_ratio_poster/public/p2516578307.jpg,写给影迷，动漫迷和游戏迷的一封情书。,156,8.7
407297,导演: Alfonso Cuarón 主演: 丹尼尔·雷德克里夫 Daniel Radcliffe / Emma...2004 / 英国 美国 / 奇幻 冒险,1291544,哈利·波特与阿兹卡班的囚徒,https://img9.doubanio.com/view/photo/s_ratio_poster/public/p1910812549.jpg,不一样的导演，不一样的哈利·波特。,157,8.7
295759,导演: 吴宇森 John Woo 主演: 周润发 Yun-Fat Chow / 张国荣 Leslie Cheung...1991 / 中国香港 / 剧情 喜剧 动作 犯罪,1295409,纵横四海,https://img9.doubanio.com/view/photo/s_ratio_poster/public/p2597918718.jpg,香港浪漫主义警匪动作片的巅峰之作。,158,8.8
629365,导演: 科克·德·米科 Kirk De Micco / 克里斯·桑德斯 Chris Sanders 主演...2013 / 美国 / 喜剧 动画 冒险,1907966,疯狂原始人,https://img9.doubanio.com/view/photo/s_ratio_poster/public/p1867084027.jpg,老少皆宜，这就是好莱坞动画的魅力。,159,8.7
614566,导演: 马丁·麦克唐纳 Martin McDonagh 主演: 弗兰西斯·麦克多蒙德 France...2017 / 美国 英国 / 剧情 犯罪,26611804,三块广告牌,https://img9.doubanio.com/view/photo/s_ratio_poster/public/p2510081688.jpg,怼天怼地，你走后，她与世界为敌。,160,8.7
357986,导演: 忻钰坤 Yukun Xin 主演: 霍卫民 Weimin Huo / 王笑天 Xiaotian Wang ...2014 / 中国大陆 / 剧情 犯罪 悬疑,25917973,心迷宫,https://img9.doubanio.com/view/photo/s_ratio_poster/public/p2276780256.jpg,荒诞讽刺，千奇百巧，抽丝剥茧，百转千回。,161,8.7
328943,导演: 让-马克·瓦雷 Jean-Marc Vallée 主演: 马修·麦康纳 Matthew McCon...2013 / 美国 / 剧情 传记 同性,1793929,达拉斯买家俱乐部,https://img9.doubanio.com/view/photo/s_ratio_poster/public/p2166160837.jpg,Jared Leto的腿比女人还美！,162,8.8
278096,导演: 汉内斯·赫尔姆 Hannes Holm 主演: 罗夫·拉斯加德 Rolf Lassgård...2015 / 瑞典 / 剧情,26628357,一个叫欧维的男人决定去死,https://img9.doubanio.com/view/photo/s_ratio_poster/public/p2406624993.jpg,惠及一生的美丽。,163,8.8
324965,导演: 高畑勋 Isao Takahata 主演: 辰己努 / 白石绫乃 / 志乃原良子1988 / 日本 / 动画 剧情 战争,1293318,萤火虫之墓,https://img9.doubanio.com/view/photo/s_ratio_poster/public/p1157334208.jpg,幸福是生生不息，却难以触及的远。 ,164,8.7
215582,导演: 特瑞·乔治 Terry George 主演: 唐·钱德尔 Don Cheadle / 苏菲·奥...2004 / 英国 南非 意大利 / 剧情 传记 历史 战争,1291822,卢旺达饭店,https://img9.doubanio.com/view/photo/s_ratio_poster/public/p470419493.jpg,当这个世界闭上双眼，他却敞开了怀抱。,165,8.9
305406,导演: 达米安·斯兹弗隆 Damián Szifron 主演: 达里奥·葛兰帝内提 Darío...2014 / 阿根廷 西班牙 / 剧情 喜剧 犯罪,24750126,荒蛮故事,https://img9.doubanio.com/view/photo/s_ratio_poster/public/p2584519452.jpg,始于荒诞，止于更荒诞。,166,8.8
530741,导演: 理查德·柯蒂斯 Richard Curtis 主演: 休·格兰特 Hugh Grant / 柯林...2003 / 英国 美国 法国 / 喜剧 剧情 爱情,1292401,真爱至上,https://img9.doubanio.com/view/photo/s_ratio_poster/public/p475600770.jpg,爱，是个动词。,167,8.6
1004528,导演: 新海诚 Makoto Shinkai 主演: 神木隆之介 Ryûnosuke Kamiki / 上...2016 / 日本 / 剧情 爱情 动画,26683290,你的名字。,https://img9.doubanio.com/view/photo/s_ratio_poster/public/p2395733377.jpg,穿越错位的时空，仰望陨落的星辰，你没留下你的名字，我却无法忘记那句“我爱你”。,168,8.4
579415,导演: 丹尼·鲍尔 Danny Boyle / 洛芙琳·坦丹 Loveleen Tandan 主演: 戴夫...2008 / 英国 / 剧情 爱情,2209573,贫民窟的百万富翁,https://img9.doubanio.com/view/photo/s_ratio_poster/public/p2434249040.jpg,上帝之城+猜火车+阿甘正传+开心辞典=山寨富翁,169,8.6
416041,导演: 王家卫 Kar Wai Wong 主演: 梁朝伟 Tony Leung Chiu Wai / 张曼玉 Ma...2000 / 中国香港 / 剧情 爱情,1291557,花样年华,https://img9.doubanio.com/view/photo/s_ratio_poster/public/p1910828286.jpg,偷情本没有这样美。,170,8.7
441781,导演: 王家卫 Kar Wai Wong 主演: 张国荣 Leslie Cheung / 林青霞 Brigitte...1994 / 中国香港 中国台湾 / 剧情 动作 爱情 武侠 古装,1292328,东邪西毒,https://img9.doubanio.com/view/photo/s_ratio_poster/public/p1982176012.jpg,电影诗。,171,8.6
447560,导演: 克里斯托弗·诺兰 Christopher Nolan 主演: 盖·皮尔斯 Guy Pearce /...2000 / 美国 / 犯罪 剧情 悬疑 惊悚,1304447,记忆碎片,https://img9.doubanio.com/view/photo/s_ratio_poster/public/p641688453.jpg,一个针管引发的血案。,172,8.6
406139,导演: 达米恩·查泽雷 Damien Chazelle 主演: 迈尔斯·特勒 Miles Teller /...2014 / 美国 / 剧情 音乐,25773932,爆裂鼓手,https://img9.doubanio.com/view/photo/s_ratio_poster/public/p2220776342.jpg,这个世界从不善待努力的人，努力了也不一定会成功，但是知道自己在努力，就是活下去的动力。,173,8.7
640701,导演: 达伦·阿罗诺夫斯基 Darren Aronofsky 主演: 娜塔莉·波特曼 Natalie...2010 / 美国 / 剧情 惊悚,1978709,黑天鹅,https://img9.doubanio.com/view/photo/s_ratio_poster/public/p2549648344.jpg,黑暗之美。,174,8.6
426465,导演: Chris Columbus 主演: 丹尼尔·雷德克里夫 Daniel Radcliffe / 艾玛...2002 / 美国 英国 德国 / 奇幻 冒险,1296996,哈利·波特与密室,https://img9.doubanio.com/view/photo/s_ratio_poster/public/p1082651990.jpg,魔法的密室之门已打开...,175,8.6
135037,导演: Seijirô Kôyama 主演: 山本圭 Kei Yamamoto / 井川比佐志 Hisa...1987 / 日本 / 剧情,1959195,忠犬八公物语,https://img9.doubanio.com/view/photo/s_ratio_poster/public/p1576418852.jpg,养狗三日，便会对你终其一生。,176,9.2
304774,导演: Andy Wachowski / Larry Wachowski 主演: 基努·里维斯 Keanu Reeves...2003 / 美国 澳大利亚 / 动作 科幻,1302467,黑客帝国3：矩阵革命,https://img9.doubanio.com/view/photo/s_ratio_poster/public/p2220873438.jpg,不得不说，《黑客帝国》系列是商业片与科幻、哲学完美结合的典范。,177,8.8
441126,导演: 莫滕·泰杜姆 Morten Tyldum 主演: 本尼迪克特·康伯巴奇 Benedict C...2014 / 英国 美国 / 剧情 传记 战争 同性,10463953,模仿游戏,https://img9.doubanio.com/view/photo/s_ratio_poster/public/p2255040492.jpg,他给机器起名“克里斯托弗”，因为这是他初恋的名字。,178,8.7
425512,导演: 彼特·道格特 Pete Docter / 罗纳尔多·德尔·卡门 Ronaldo Del Carmen &nb...2015 / 美国 / 喜剧 动画 冒险,10533913,头脑特工队,https://img9.doubanio.com/view/photo/s_ratio_poster/public/p2266293606.jpg,愿我们都不用长大，每一座城堡都能永远存在。,179,8.7
241304,导演: 朴勋政 Hoon-jung Park 主演: 李政宰 Jung-Jae Lee / 崔岷植 Min-sik...2013 / 韩国 / 剧情 犯罪,10437779,新世界,https://img9.doubanio.com/view/photo/s_ratio_poster/public/p1903379979.jpg,要做就做得狠一点，这样才能活下去。,180,8.8
191919,导演: 今敏 Satoshi Kon 主演: 岩男润子 Junko Iwao / 松本梨香 Rica Matsu...1997 / 日本 / 动画 奇幻 惊悚,1395091,未麻的部屋,https://img9.doubanio.com/view/photo/s_ratio_poster/public/p1351050722.jpg,好的剧本是，就算你猜到了结局也猜不到全部。,181,8.9
251566,导演: 藤森雅也 Masaya Fujimori 主演: 山口胜平 Kappei Yamaguchi / 爱河...2010 / 日本 / 剧情 动画 儿童,4848115,你看起来好像很好吃,https://img9.doubanio.com/view/photo/s_ratio_poster/public/p709670262.jpg,感情不分食草或者食肉。,182,8.9
312703,导演: 巴瑞·莱文森 Barry Levinson 主演: 达斯汀·霍夫曼 Dustin Hoffman ...1988 / 美国 / 剧情,1291870,雨人,https://img9.doubanio.com/view/photo/s_ratio_poster/public/p2353324612.jpg,生活在自己的世界里，也可以让周围的人显得可笑和渺小。,183,8.7
388438,导演: 瑞奇·莫尔 Rich Moore 主演: 约翰·C·赖利 John C. Reilly / 萨拉...2012 / 美国 / 喜剧 动画 奇幻 冒险,6534248,无敌破坏王,https://img9.doubanio.com/view/photo/s_ratio_poster/public/p1735642656.jpg,迪士尼和皮克斯拿错剧本的产物。,184,8.7
289306,导演: 是枝裕和 Hirokazu Koreeda 主演: 绫濑遥 Haruka Ayase / 长泽雅美 M...2015 / 日本 / 剧情 家庭,25895901,海街日记,https://img9.doubanio.com/view/photo/s_ratio_poster/public/p2242546753.jpg,是枝裕和的家庭习作。,185,8.8
464811,导演: 卡洛斯·沙尔丹哈 Carlos Saldanha / 克里斯·韦奇 Chris Wedge 主演...2002 / 美国 / 喜剧 动画 冒险,1291578,冰川时代,https://img9.doubanio.com/view/photo/s_ratio_poster/public/p1910895719.jpg,松鼠才是角儿。,186,8.6
484218,导演: 尼克·卡索维茨 Nick Cassavetes 主演: 瑞恩·高斯林 Ryan Gosling /...2004 / 美国 / 剧情 爱情,1309163,恋恋笔记本,https://img9.doubanio.com/view/photo/s_ratio_poster/public/p483604864.jpg,爱情没有那么多借口，如果不能圆满，只能说明爱的不够。 ,187,8.5
170519,导演: 阿尔弗雷德·希区柯克 Alfred Hitchcock 主演: 安东尼·博金斯 Antho...1960 / 美国 / 悬疑 惊悚 恐怖,1293181,惊魂记,https://img9.doubanio.com/view/photo/s_ratio_poster/public/p1021883305.jpg,故事的反转与反转，分裂电影的始祖。,188,9.0
358936,导演: 肯尼斯·罗纳根 Kenneth Lonergan 主演: 卡西·阿弗莱克 Casey Affle...2016 / 美国 / 剧情 家庭,25980443,海边的曼彻斯特,https://img9.doubanio.com/view/photo/s_ratio_poster/public/p2421855655.jpg,我们都有权利不与自己的过去和解。,189,8.6
217371,导演: 郭柯 Ke Guo 主演:2015 / 中国大陆 / 纪录片,26430107,二十二,https://img9.doubanio.com/view/photo/s_ratio_poster/public/p2457609817.jpg,有一些东西不应该被遗忘。,190,8.7
292302,导演: 伦尼·阿伯拉罕森 Lenny Abrahamson 主演: 布丽·拉尔森 Brie Larson...2015 / 爱尔兰 加拿大 英国 美国 / 剧情 家庭,25724855,房间,https://img9.doubanio.com/view/photo/s_ratio_poster/public/p2259715855.jpg,被偷走的岁月，被伤害的生命，被禁锢的灵魂，终将被希望和善意救赎。,191,8.8
577596,导演: 克里斯托弗·史密斯 Christopher Smith 主演: 梅利莎·乔治 Melissa ...2009 / 英国 澳大利亚 / 剧情 悬疑 惊悚,3011051,恐怖游轮,https://img9.doubanio.com/view/photo/s_ratio_poster/public/p462470694.jpg,不要企图在重复中寻找已经失去的爱。,192,8.5
173127,导演: 杰拉尔·乌里 Gérard Oury 主演: 路易·德·菲耐斯 Louis de Funès...1966 / 法国 英国 / 喜剧 战争,1296909,虎口脱险,https://img9.doubanio.com/view/photo/s_ratio_poster/public/p2399597512.jpg,永远看不腻的喜剧。,193,8.9
422782,导演: 斯蒂芬·卓博斯基 Stephen Chbosky 主演: 雅各布·特伦布莱 Jacob Tr...2017 / 美国 中国香港 / 剧情 儿童 家庭,26787574,奇迹男孩,https://img9.doubanio.com/view/photo/s_ratio_poster/public/p2507709428.jpg,世界不完美，爱会有奇迹。,194,8.6
341019,导演: 宫崎骏 Hayao Miyazaki 主演: 高山南 Minami Takayama / 佐久间玲 Re...1989 / 日本 / 动画 奇幻 冒险,1307811,魔女宅急便,https://img9.doubanio.com/view/photo/s_ratio_poster/public/p456676352.jpg,宫崎骏的电影总让人感觉世界是美好的，阳光明媚的。,195,8.6
151209,导演: 斯坦利·多南 Stanley Donen / 吉恩·凯利 Gene Kelly 主演: 吉恩·...1952 / 美国 / 喜剧 歌舞 爱情,1293460,雨中曲,https://img9.doubanio.com/view/photo/s_ratio_poster/public/p1612355875.jpg,骨灰级歌舞片。,196,9.0
584594,导演: 宁浩 Hao Ning 主演: 郭涛 Tao Guo / 刘桦 Hua Liu / 连晋 Teddy Lin2006 / 中国大陆 中国香港 / 喜剧 犯罪,1862151,疯狂的石头,https://img9.doubanio.com/view/photo/s_ratio_poster/public/p712241453.jpg,中国版《两杆大烟枪》。,197,8.5
204659,导演: Frank Darabont 主演: 汤姆·汉克斯 Tom Hanks / 大卫·摩斯 David M...1999 / 美国 / 犯罪 剧情 奇幻 悬疑,1300374,绿里奇迹,https://img9.doubanio.com/view/photo/s_ratio_poster/public/p767586451.jpg,天使暂时离开。,198,8.8
321381,导演: 史蒂文·斯皮尔伯格 Steven Spielberg 主演: 海利·乔·奥斯蒙 Haley...2001 / 美国 / 剧情 科幻,1302827,人工智能,https://img9.doubanio.com/view/photo/s_ratio_poster/public/p792257137.jpg,对爱的执着，可以超越一切。,199,8.6
597596,导演: 是枝裕和 Hirokazu Koreeda 主演: 中川雅也 Lily Franky / 安藤樱 Sa...2018 / 日本 / 剧情 犯罪 家庭,27622447,小偷家族,https://img9.doubanio.com/view/photo/s_ratio_poster/public/p2530599636.jpg,我们组成了家。,200,8.7
236894,导演: 理查德·林克莱特 Richard Linklater 主演: 伊桑·霍克 Ethan Hawke ...2013 / 美国 希腊 / 剧情 爱情,10808442,爱在午夜降临前,https://img9.doubanio.com/view/photo/s_ratio_poster/public/p2074715729.jpg,所谓爱情，就是话唠一路，都不会心生腻烦，彼此嫌弃。,201,8.8
223076,导演: 黑泽明 Akira Kurosawa 主演: 三船敏郎 Toshirô Mifune / 京町子 ...1950 / 日本 / 剧情 犯罪 悬疑,1291879,罗生门,https://img9.doubanio.com/view/photo/s_ratio_poster/public/p2564689879.jpg,人生的N种可能性。,202,8.8
257320,导演: 詹姆斯·卡梅隆 James Cameron 主演: 阿诺·施瓦辛格 Arnold Schwarz...1991 / 美国 法国 / 动作 科幻,1291844,终结者2：审判日,https://img9.doubanio.com/view/photo/s_ratio_poster/public/p1910909085.jpg,少见的超越首部的续集，动作片中的经典。,203,8.7
773310,导演: 普特鹏·普罗萨卡·那·萨克那卡林 Puttipong Promsaka Na Sakolnakorn / 华森·波克彭...2010 / 泰国 / 剧情 喜剧 爱情,4739952,初恋这件小事,https://img9.doubanio.com/view/photo/s_ratio_poster/public/p767451487.jpg,黑小鸭速效美白记。,204,8.4
131522,导演: 雅克·贝汉 Jacques Perrin / 雅克·克鲁奥德 Jacques Cluzaud 主演:...2009 / 法国 瑞士 西班牙 美国 阿联酋 / 纪录片,3443389,海洋,https://img9.doubanio.com/view/photo/s_ratio_poster/public/p2173334947.jpg,大海啊，不全是水。,205,9.1
203506,导演: 茂文·勒鲁瓦 Mervyn LeRoy 主演: 费雯·丽 Vivien Leigh / 罗伯特·...1940 / 美国 / 剧情 爱情 战争,1293964,魂断蓝桥,https://img9.doubanio.com/view/photo/s_ratio_poster/public/p2351134499.jpg,中国式内在的美国电影。,206,8.8
213025,导演: 陆川 Chuan Lu 主演: 多布杰 Duobujie / 张磊 Lei Zhang / 亓亮 Qi L...2004 / 中国大陆 中国香港 / 剧情 犯罪,1308857,可可西里,https://img9.doubanio.com/view/photo/s_ratio_poster/public/p2414771522.jpg,坚硬的信仰。,207,8.8
205403,导演: 斯坦利·库布里克 Stanley Kubrick 主演: 凯尔·杜拉 Keir Dullea / ...1968 / 英国 美国 / 科幻 惊悚 冒险,1292226,2001太空漫游,https://img9.doubanio.com/view/photo/s_ratio_poster/public/p2560717825.jpg,现代科幻电影的开山之作，最伟大导演的最伟大影片。,208,8.8
217441,导演: 爱德华·兹威克 Edward Zwick 主演: 布拉德·皮特 Brad Pitt / 安东...1994 / 美国 / 剧情 爱情 战争 西部,1295865,燃情岁月,https://img9.doubanio.com/view/photo/s_ratio_poster/public/p1023654037.jpg,传奇，不是每个人都可以拥有。,209,8.8
91713,导演: Charles Chaplin 主演: 查理·卓别林 Charles Chaplin / 弗吉尼亚·...1931 / 美国 / 喜剧 剧情 爱情,1293908,城市之光,https://img9.doubanio.com/view/photo/s_ratio_poster/public/p2170238828.jpg,永远的小人物，伟大的卓别林。,210,9.3
299812,导演: 细田守 Mamoru Hosoda 主演: 仲里依纱 Riisa Naka / 石田卓也 Takuya...2006 / 日本 / 剧情 爱情 科幻 动画,1937946,穿越时空的少女,https://img9.doubanio.com/view/photo/s_ratio_poster/public/p2079334286.jpg,爱上未来的你。 ,211,8.6
187779,导演: 杨德昌 Edward Yang 主演: 张震 Chen Chang / 杨静怡 Lisa Yang / 张...1991 / 中国台湾 / 剧情 犯罪,1292329,牯岭街少年杀人事件,https://img9.doubanio.com/view/photo/s_ratio_poster/public/p848381236.jpg,弱者送给弱者的一刀。,212,8.8
323335,导演: 李惠民 Raymond Lee 主演: 张曼玉 Maggie Cheung / 林青霞 Brigitte ...1992 / 中国香港 中国大陆 / 动作 爱情 武侠 古装,1292287,新龙门客栈,https://img9.doubanio.com/view/photo/s_ratio_poster/public/p1421018669.jpg,嬉笑怒骂，调风动月。,213,8.6
495110,导演: 李安 Ang Lee 主演: 梁朝伟 Tony Leung Chiu Wai / 汤唯 Wei Tang / ...2007 / 中国台湾 中国大陆 美国 中国香港 / 剧情 爱情 情色,1828115,色，戒,https://img9.doubanio.com/view/photo/s_ratio_poster/public/p453716305.jpg,假戏真情，爱欲深海,214,8.5
357803,导演: Quentin Tarantino 主演: 布拉德·皮特 Brad Pitt / 梅拉尼·罗兰 M...2009 / 德国 美国 / 剧情 犯罪,1438652,无耻混蛋,https://img9.doubanio.com/view/photo/s_ratio_poster/public/p2575043939.jpg,昆汀同学越来越变态了，比北野武还杜琪峰。,215,8.6
375856,导演: 徐克 Hark Tsui 主演: 张曼玉 Maggie Cheung / 王祖贤 Joey Wang / ...1993 / 中国香港 中国大陆 / 剧情 爱情 奇幻 古装,1303394,青蛇,https://img9.doubanio.com/view/photo/s_ratio_poster/public/p584021784.jpg,人生如此，浮生如斯。谁人言，花彼岸，此生情长意短。谁都是不懂爱的罢了。,216,8.5
613625,导演: 邓肯·琼斯 Duncan Jones 主演: 杰克·吉伦哈尔 Jake Gyllenhaal / ...2011 / 美国 加拿大 / 科幻 悬疑 惊悚,3075287,源代码,https://img9.doubanio.com/view/photo/s_ratio_poster/public/p988260245.jpg,邓肯·琼斯继《月球》之后再度奉献出一部精彩绝伦的科幻佳作。,217,8.4
408039,导演: 保罗·格诺维瑟 Paolo Genovese 主演: 马可·贾利尼 Marco Giallini ...2016 / 意大利 / 剧情 喜剧,26614893,完美陌生人,https://img9.doubanio.com/view/photo/s_ratio_poster/public/p2522331945.jpg,来啊，互相伤害啊！,218,8.5
365714,导演: 王家卫 Kar Wai Wong 主演: 张国荣 Leslie Cheung / 张曼玉 Maggie C...1990 / 中国香港 / 犯罪 剧情 爱情,1305690,阿飞正传,https://img9.doubanio.com/view/photo/s_ratio_poster/public/p2525770523.jpg,王家卫是一种风格，张国荣是一个代表。,219,8.5
273675,导演: 罗伯·莱纳 Rob Reiner 主演: 杰克·尼科尔森 Jack Nicholson / 摩根...2007 / 美国 / 冒险 喜剧 剧情,1867345,遗愿清单,https://img9.doubanio.com/view/photo/s_ratio_poster/public/p1208653481.jpg,用剩余不多的时间，去燃烧整个生命。,220,8.6
264281,导演: 保罗·格林格拉斯 Paul Greengrass 主演: 马特·达蒙 Matt Damon / ...2004 / 美国 德国 / 动作 悬疑 惊悚,1308767,谍影重重2,https://img9.doubanio.com/view/photo/s_ratio_poster/public/p667644866.jpg,谁说王家卫镜头很晃？,221,8.7
260027,导演: 爱德华·兹威克 Edward Zwick 主演: 莱昂纳多·迪卡普里奥 Leonardo ...2006 / 美国 德国 / 剧情 惊悚 冒险,1428175,血钻,https://img9.doubanio.com/view/photo/s_ratio_poster/public/p1244017073.jpg,每个美丽事物背后都是滴血的现实。,222,8.7
426124,导演: 汤姆·提克威 Tom Tykwer 主演: 本·卫肖 Ben Whishaw / 艾伦·瑞克...2006 / 德国 法国 西班牙 美国 / 剧情 犯罪 奇幻,1760622,香水,https://img9.doubanio.com/view/photo/s_ratio_poster/public/p2441127736.jpg,一个单凭体香达到高潮的男人。,223,8.5
281051,导演: 黄信尧 Hsin-yao Huang 主演: 庄益增 Yizeng Zhuang / 陈竹昇 Chu-sh...2017 / 中国台湾 / 剧情 喜剧,27059130,大佛普拉斯,https://img9.doubanio.com/view/photo/s_ratio_poster/public/p2505928032.jpg,人们可以登上月球，却永远无法探索人们内心的宇宙。,224,8.7
152892,导演: 阿米尔·汗 Aamir Khan 主演: 达席尔·萨法瑞 Darsheel Safary / 阿...2007 / 印度 / 剧情 儿童 家庭,2363506,地球上的星星,https://img9.doubanio.com/view/photo/s_ratio_poster/public/p1973489335.jpg,天使保护事件始末。,225,8.9
264906,导演: 安德鲁·尼科尔 Andrew Niccol 主演: 尼古拉斯·凯奇 Nicolas Cage /...2005 / 美国 法国 / 剧情 犯罪,1419936,战争之王,https://img9.doubanio.com/view/photo/s_ratio_poster/public/p792282381.jpg,做一颗让别人需要你的棋子。,226,8.6
315722,导演: 道格·里曼 Doug Liman 主演: 马特·达蒙 Matt Damon / 弗兰卡·波坦...2002 / 美国 德国 捷克 / 动作 悬疑 惊悚,1304102,谍影重重,https://img9.doubanio.com/view/photo/s_ratio_poster/public/p1597183981.jpg,哗啦啦啦啦，天在下雨，哗啦啦啦啦，云在哭泣……找自己。,227,8.6
375534,导演: 乔治·米勒 George Miller 主演: 汤姆·哈迪 Tom Hardy / 查理兹·塞...2015 / 澳大利亚 美国 / 动作 科幻 冒险,3592854,疯狂的麦克斯4：狂暴之路,https://img9.doubanio.com/view/photo/s_ratio_poster/public/p2236181653.jpg,“多么美好的一天！”轰轰轰砰咚，啪哒哒哒轰隆隆，磅~,228,8.6
186114,导演: 是枝裕和 Hirokazu Koreeda 主演: 阿部宽 Hiroshi Abe / 夏川结衣 Yu...2008 / 日本 / 剧情 家庭,2222996,步履不停,https://img9.doubanio.com/view/photo/s_ratio_poster/public/p926535516.jpg,日本的家庭电影已经是世界巅峰了，步履不停是巅峰中的佳作。,229,8.8
369124,导演: 詹姆斯·沃德·布柯特 James Ward Byrkit 主演: 艾米丽·芭尔多尼 Em...2013 / 美国 英国 / 科幻 悬疑 惊悚,25807345,彗星来的那一夜,https://img9.doubanio.com/view/photo/s_ratio_poster/public/p2187896734.jpg,小成本大魅力。,230,8.5
397315,导演: 王晶 Jing Wong 主演: 周星驰 Stephen Chow / 吴孟达 Man Tat Ng / ...1994 / 中国香港 / 剧情 喜剧 古装,1297518,九品芝麻官,https://img9.doubanio.com/view/photo/s_ratio_poster/public/p648370300.jpg,,231,8.5
342087,导演: 丹尼·博伊尔 Danny Boyle 主演: 伊万·麦克格雷格 Ewan McGregor / ...1996 / 英国 / 剧情 犯罪,1292528,猜火车,https://img9.doubanio.com/view/photo/s_ratio_poster/public/p513567548.jpg,不可猜的青春迷笛。 ,232,8.5
373392,导演: 史蒂芬·戴德利 Stephen Daldry 主演: 凯特·温丝莱特 Kate Winslet ...2008 / 美国 德国 / 剧情 爱情,2213597,朗读者,https://img9.doubanio.com/view/photo/s_ratio_poster/public/p1140984198.jpg,当爱情跨越年龄的界限，它似乎能变得更久远一点，成为一种责任，一种水到渠成的相濡以沫。 ,233,8.6
362676,导演: Mike Newell 主演: Daniel Radcliffe / Emma Watson / Rupert Grint2005 / 英国 美国 / 奇幻 冒险,1309055,哈利·波特与火焰杯,https://img9.doubanio.com/view/photo/s_ratio_poster/public/p2220723219.jpg,,234,8.5
206596,导演: 丹尼斯·甘塞尔 Dennis Gansel 主演: 尤尔根·沃格尔 Jürgen Vogel ...2008 / 德国 / 剧情 惊悚,2297265,浪潮,https://img9.doubanio.com/view/photo/s_ratio_poster/public/p1344888983.jpg,世界离独裁只有五天。,235,8.7
362690,导演: 卡比尔·汗 Kabir Khan 主演: 萨尔曼·汗 Salman Khan / 哈莎莉·马...2015 / 印度 / 剧情 喜剧 动作,26393561,小萝莉的猴神大叔,https://img9.doubanio.com/view/photo/s_ratio_poster/public/p2510956726.jpg,宝莱坞的萝莉与大叔。,236,8.4
309513,导演: 约翰·卡尼 John Carney 主演: 凯拉·奈特莉 Keira Knightley / 马克...2013 / 美国 / 喜剧 爱情 音乐,6874403,再次出发之纽约遇见你,https://img9.doubanio.com/view/photo/s_ratio_poster/public/p2250287733.jpg,爱我就给我看你的播放列表。,237,8.6
93316,导演: 小津安二郎 Yasujirô Ozu 主演: 笠智众 Chishû Ryû / 原节...1953 / 日本 / 剧情 家庭,1291568,东京物语,https://img9.doubanio.com/view/photo/s_ratio_poster/public/p1925331564.jpg,东京那么大，如果有一天走失了，恐怕一辈子不能再相见。,238,9.2
675109,导演: 周申 Shen Zhou / 刘露 Lu Liu 主演: 任素汐 Suxi Ren / 大力 Da Li ...2016 / 中国大陆 / 剧情 喜剧,25921812,驴得水,https://img9.doubanio.com/view/photo/s_ratio_poster/public/p2393044761.jpg,过去的如果就让它过去了，未来只会越来越糟！,239,8.3
212032,导演: 托马斯·麦卡锡 Thomas McCarthy 主演: 马克·鲁弗洛 Mark Ruffalo /...2015 / 美国 / 剧情 传记,25954475,聚焦,https://img9.doubanio.com/view/photo/s_ratio_poster/public/p2263822658.jpg,新闻人的理性求真。,240,8.8
418283,导演: 布莱恩·辛格 Bryan Singer 主演: 拉米·马雷克 Rami Malek / 本·哈...2018 / 英国 美国 / 剧情 传记 同性 音乐,5300054,波西米亚狂想曲,https://img9.doubanio.com/view/photo/s_ratio_poster/public/p2549558913.jpg,,241,8.7
134394,导演: 克里斯托弗·诺兰 Christopher Nolan 主演: 杰里米·西奥伯德 Jeremy...1998 / 英国 / 犯罪 悬疑 惊悚,1397546,追随,https://img9.doubanio.com/view/photo/s_ratio_poster/public/p2561545031.jpg,诺兰的牛逼来源于内心散发出的恐惧。,242,8.9
178988,导演: 安德鲁·尼科尔 Andrew Niccol 主演: 伊桑·霍克 Ethan Hawke / 乌玛...1997 / 美国 / 剧情 科幻 惊悚,1300117,千钧一发,https://img9.doubanio.com/view/photo/s_ratio_poster/public/p2195672555.jpg,一部能引人思考的科幻励志片。,243,8.8
112857,导演: 秋昌民 Chang-min Choo 主演: 宋在河 Jae-ho Song / 李顺载 Soon-jae...2011 / 韩国 / 剧情 爱情,5908478,我爱你,https://img9.doubanio.com/view/photo/s_ratio_poster/public/p1075591188.jpg,你要相信，这世上真的有爱存在，不管在什么年纪 ,244,9.0
199086,导演: 阿斯哈·法哈蒂 Asghar Farhadi 主演: 佩曼·莫阿迪 Peyman Moadi /...2011 / 伊朗 法国 / 剧情 家庭,5964718,一次别离,https://img9.doubanio.com/view/photo/s_ratio_poster/public/p2189835254.jpg,只有有信仰的人才能说出事实真相。,245,8.7
213672,导演: 雷德利·斯科特 Ridley Scott 主演: 乔什·哈奈特 Josh Hartnett / ...2001 / 美国 / 动作 历史 战争,1291824,黑鹰坠落,https://img9.doubanio.com/view/photo/s_ratio_poster/public/p1910900710.jpg,还原真实而残酷的战争。,246,8.7
121113,导演: 陆庆屹 Lu Qing Yi 主演: 陆运坤 Yunkun Lu / 李桂贤 Guixian Li / ...2017 / 中国大陆 / 纪录片 家庭,27191492,四个春天,https://img9.doubanio.com/view/photo/s_ratio_poster/public/p2540578887.jpg,来也匆匆去也匆匆，就这样风雨兼程。,247,8.9
388867,导演: 阿尼什·查甘蒂 Aneesh Chaganty 主演: 约翰·赵 John Cho / 米切尔...2018 / 美国 俄罗斯 / 剧情 犯罪 悬疑 惊悚,27615441,网络谜踪,https://img9.doubanio.com/view/photo/s_ratio_poster/public/p2542848758.jpg,,248,8.6
262635,导演: Andy Wachowski / Larry Wachowski 主演: 基努·里维斯 Keanu Reeves...2003 / 美国 澳大利亚 / 动作 科幻,1304141,黑客帝国2：重装上阵,https://img9.doubanio.com/view/photo/s_ratio_poster/public/p443461390.jpg,一个精彩的世界观正在缓缓建立。,249,8.6
284218,导演: Stanley Kubrick 主演: Malcolm McDowell / Patrick Magee / Michael...1971 / 英国 美国 / 犯罪 剧情 科幻,1292233,发条橙,https://img9.doubanio.com/view/photo/s_ratio_poster/public/p529908155.jpg,我完全康复了。,250,8.6
